stenutz_name,cosmo_name,cas_number,chemical_formula,molecular_weight,density,molar_volume,refractive_index,molecular_refractive_power,dielectric_constant,dipole_moment,melting_point,boiling_point,viscosity,partition_coefficient,vapour_pressure,sigma_1,sigma_2,sigma_3,sigma_4,sigma_5
(trichloromethyl)benzene,(trichloromethyl)-benzene,98-07-7,C7H5Cl3,195,1.173,166.6,1.557,53.67,6.9,2.14,-4,220,1.85,3.68,0.2,0.2054,18.7984,0,0,3.2973
"(1Z,5Z)-cycloocta-1,5-diene","1,5-cyclooctadiene",111-78-4,C8H12,108,0.88,122.9,1.493,35.73,2.38,0.17,-69,148,1,2.98,8.87,0,15.2165,0.4711,0,0.9742
"(2E,4E)-2,4-hexadiene","trans,trans-2,4-hexadiene",5194-51-4,C6H10,82,0.727,112.9,1.456,30.7,2.22,0.36,-79,79,0.37,3.05,225.18,0,14.9023,0.0451,0,1.3634
(dichloromethyl)benzene,(dichloromethyl)-benzene,98-87-3,C7H6Cl2,161,1.25,128.8,1.55,41.04,6.9,2.05,-16,205,1.99,2.94,0.24,0.8684,16.7703,0,0.0081,3.8876
"(E)-1,3-pentadiene",1-trans-3-pentadiene,2004-70-8,C5H8,68,0.683,99.7,1.43,25.77,2.32,0.68,-87,42,0.3,2.47,702.08,0,12.8734,0.0397,0,1.8346
(E)-2-butenenitrile,(e)-2-butenenitrile,627-26-9,C4H5N,67,0.823,81.6,1.416,20.47,28.1,4.5,-52,122,0.5,0.18,18.14,0.469,10.1085,1.3074,0,2.9768
(Z)-3-hexene,cis-3-hexene,592-47-2,C6H12,84,0.678,124.1,1.394,29.67,2.06,0.34,-138,66,0.33,3.35,318.26,0,14.8632,0.1899,0,0.5181
"1,1,1-trichloroethane",glycerol,71-55-6,C2H3Cl3,133,1.338,99.7,1.438,26.17,7.25,1.9,-30,74,0.39,2.45,73.59,0.2623,13.0416,0,0,2.1596
"1,1,1-trichlorotrifluoroethane","1,1,1-trichloro-2,2,2-trifluoroethane",354-58-5,C2Cl3F3,187,1.566,119.7,1.36,26.41,2.44,0.74,14,46,0.27,3.17,504.26,0.0287,14.8904,0,0,1.0688
"1,1,2,2-tetrabromoethane","1,1,2,2-tetrabromoethane",79-27-6,C2H2Br4,346,2.967,116.5,1.628,41.34,7,1.57,0,244,1.76,2.98,0.06,1.486,15.3049,0,0.319,2.4911
"1,1,2,2-tetrachloroethane","1,1,2,2-tetrachloroethane",79-34-5,C2H2Cl4,168,1.59,105.6,1.494,30.71,8.42,1.33,-44,144,0.72,2.46,5.48,1.6129,13.4114,0,0.3646,1.6833
"1,1,2-trichloro-1,2,2-trifluoroethane","1,1,2-trichloro-1,2,2-trifluoroethane",76-13-1,C2Cl3F3,187,1.564,119.8,1.356,26.16,2.41,0.86,-35,48,0.28,3.2,509.96,0.0058,14.9261,0,0,0.9368
"1,1,2-trichloroethane","1,1,2-trichloroethane",79-00-5,C2H3Cl3,133,1.443,92.4,1.471,25.84,7.28,1.36,-37,114,0.63,1.95,19.58,1.7766,11.7278,0,0.0155,2.6467
"1,1-dichloroethane","1,1-dichloroethane",75-34-3,C2H4Cl2,99,1.176,84.1,1.416,21.12,10,2.35,-97,57,0.38,1.73,161.66,0.7211,10.9207,0,0,2.5644
"1,1-dichloroethene","1,1-dichloroethylene",75-35-4,C2H2Cl2,97,1.175,82.5,1.425,21.1,4.67,1.25,-123,32,0.26,2.15,757.54,0.5073,10.7452,0,0,1.5707
"1,1-diethoxyethane","1,1-diethoxyethane",105-57-7,C6H14O2,118,0.826,143.1,1.381,33.22,3.8,1.22,-100,103,0.75,2.02,11.17,0,16.2302,1.4596,0,1.4419
"1,1-diethoxymethane",diethoxymethane,462-95-3,C5H12O2,104,0.831,125.3,1.373,28.55,2.53,1.25,-66,87,0.6,1.63,36.03,0,14.4681,1.5242,0,1.7109
"1,2,3,4-tetrachlorobenzene","1,2,3,4-tetrachlorobenzene",634-66-2,C6H2Cl4,216,1.858,116.2,1.58,38.67,3.2,1.9,46,254,1.9,3.86,0.17,0.7118,18.3469,0,0,2.0511
"1,2,3,4-tetramethylbenzene","1,2,3,4-tetramethylbenzene",488-23-3,C10H14,134,0.901,149,1.515,44.92,2.59,0.39,-4,205,1.29,3.85,1.82,0,18.8124,0.0451,0,1.629
"1,2,3-propanetriol",glycerol,56-81-5,C3H8O3,92,1.26,73.1,1.475,20.56,47,2.56,18,290,32.53,-1.27,0.01,1.392,8.3081,2.465,0.5226,3.8766
"1,2,3-tribromopropane",indane,496-11-7,C3H5Br3,281,2.402,116.9,1.582,39.01,6.45,1.54,17,220,1.26,3.18,4.05,0.0015,16.2717,0.0006,0,1.7931
"1,2,3-trichloropropane","1,2,3-trichloropropane",96-18-4,C3H5Cl3,147,1.394,105.8,1.486,30.36,7.9,1.67,-14,157,0.93,1.97,3.23,1.6918,13.2696,0,0,3.845
"1,2,4-trichlorobenzene","1,2,4-trichlorobenzene",120-82-1,C6H3Cl3,181,1.454,124.8,1.572,41.04,2.24,1.26,17,214,1.56,3.47,0.59,0.9561,16.6983,0,0,2.426
"1,2-diaminoethane","1,2-diaminoethane",107-15-3,C2H8N2,60,0.899,66.9,1.457,18.19,14.2,1.92,9,116,0.92,-1.26,19.85,1.2989,7.562,1.7249,0,3.1424
"1,2-dibromoethane","1,2-dibromoethane",106-93-4,C2H4Br2,188,2.18,86.2,1.538,26.95,4.75,1.04,10,132,0.67,1.87,13.35,1.0244,11.7691,0,0,3.2311
"1,2-dichlorobenzene","1,2-dichlorobenzene",95-50-1,C6H4Cl2,147,1.306,112.6,1.551,35.94,9.93,2.14,-17,181,1.12,2.95,2.17,0.3986,15.3751,0,0,2.8864
"1,2-dichloroethane","1,2-dichloroethane",107-06-2,C2H4Cl2,99,1.253,79,1.445,21.01,10.36,1.83,-35,84,0.52,1.34,222.09,1.2021,10.4996,0,0,3.5413
"1,2-dichloropropane","1,2-dichloropropane",78-87-5,C3H6Cl2,113,1.155,97.8,1.439,25.73,8.93,1.85,-100,96,0.53,1.96,55.66,0.533,12.8567,0,0,3.08
"1,2-difluorobenzene",o-difluorobenzene,367-11-3,C6H4F2,114,1.15,99.2,1.443,26.3,14.26,2.53,92,94,0.6,2.29,65.91,0.4044,13.2044,0,0,2.8209
"1,2-dimethoxybenzene","1,2-dimethoxybenzene",91-16-7,C8H10O2,138,1.084,127.5,1.532,39.5,4.09,1.35,23,206,2.28,1.81,0.12,0.076,16.7628,1.0994,0,4.616
"1,2-dimethoxyethane","1,2-dimethoxyethane",110-71-4,C4H10O2,90,0.869,103.7,1.38,24,7.2,1.71,-58,85,0.42,0.33,83.42,0,12.4399,1.8467,0,1.8566
"1,2-dimethylbenzene","1,2-dimethylbenzene",95-47-6,C8H10,106,0.88,120.6,1.505,35.8,2.57,0.45,-25,144,0.87,3.01,12.27,0.0005,15.7194,0,0,2.1157
"1,2-diphenylethane","1,1'-(1,2-ethanediyl)bis-benzene",103-29-7,C14H14,182,0.966,188.7,1.57,61.93,2.38,0,52,285,6.74,4.3,0,0.0257,23.4542,0,0,4.6004
"1,2-propanediol",propyleneglycol,57-55-6,C3H8O2,76,1.036,73.4,1.431,19.01,32,2.27,-60,187,10.82,-0.59,0.22,1.1692,8.5231,1.9315,0.5211,2.2691
"1,3,3-trimethyl-2-oxabicyclo[2.2.2]octane","1,8-cineole",470-82-6,C10H18O,154,0.923,167.2,1.458,45.63,4.84,1.58,2,176,1.75,3.02,0.54,0,18.3021,0.8641,0,0.5839
"1,3,5-trimethylbenzene","1,3,5-trimethylbenzene",108-67-8,C9H12,120,0.864,139.2,1.499,40.86,2.4,0.1,-45,165,1.12,3.66,3.87,0,17.8634,0.0096,0,1.7384
"1,3-cyclohexadiene","1,3-cyclohexadiene",592-57-4,C6H8,80,0.847,94.6,1.473,26.55,2.66,0.38,-89,80,0.53,2.37,131.57,0,12.5042,0.0853,0,1.4269
"1,3-dibromobenzene","1,3-dibromobenzene",108-36-1,C6H4Br2,236,1.952,120.9,1.606,41.68,5,1.37,-7,219,1.98,3.34,0.15,0.6513,16.3801,0,0,3.1732
"1,3-dichlorobenzene","1,3-dichlorobenzene",541-73-1,C6H4Cl2,147,1.288,114.1,1.546,36.14,5,1.68,-25,173,1.18,3.04,2.34,0.6618,15.3813,0,0,2.8826
"1,3-dichloropropane","1,3-dichloropropane",142-28-9,C3H6Cl2,113,1.183,95.5,1.449,25.62,9.51,2.09,-100,120,0.62,1.76,16.97,0.2327,13.1923,0,0,3.767
"1,3-difluorobenzene",m-difluorobenzene,372-18-9,C6H4F2,114,1.147,99.5,1.437,26.06,5.24,1.55,82,83,0.62,2.29,86.75,0.6442,13.0309,0,0,2.8939
"1,3-dimethylbenzene","1,3-dimethylbenzene",108-38-3,C8H10,106,0.86,123.5,1.497,36.14,2.4,0.31,-48,139,0.88,3.12,11.57,0.0009,15.9719,0,0,2.0279
"1,3-dimethyltetrahydropyrimidin-2(1H)-one","1,3-dimethyltetrahydropyrimidin-2(1h)-one",7226-23-5,C6H12N2O,128,1.064,120.5,1.488,34.71,36.12,4.17,-20,246,1.79,0.36,0.16,0,14.9718,1.6577,0,2.1763
"1,3-dioxolan-2-one","1,3-dioxolan-2-one",96-49-1,C3H4O3,88,1.321,66.7,1.42,16.87,89.78,4.51,34,261,1.84,-0.93,0.06,1.1013,7.8023,2.033,0,4.6182
"1,4-cyclohexadiene","1,4-cyclohexadiene",628-41-1,C6H8,80,0.851,94.2,1.473,26.41,2.26,0.13,-49,89,0.55,2.35,122.44,0,12.4477,0.1753,0,1.3648
"1,4-dibromobenzene","1,4-dibrombenzene",106-37-6,C6H4Br2,236,1.832,128.8,1.574,42.51,2.57,0,89,219,2.03,3.26,0.16,0.7761,16.2036,0,0,3.254
"1,4-dibromobutane","1,4-dibromobutane",110-52-1,C4H8Br2,216,1.826,118.2,1.519,35.89,9.4,2.02,-20,198,1.19,2.5,0.86,0.2184,16.2013,0.0023,0,3.8328
"1,4-dichlorobenzene","1,4-dichlorobenzene",106-46-7,C6H4Cl2,147,1.283,114.6,1.528,35.28,2.41,0,53,174,1.23,2.97,2.25,0.7581,15.2854,0,0,2.9965
"1,4-dichlorobutane","1,4-dichlorobutane",110-56-5,C4H8Cl2,127,1.139,111.5,1.455,30.26,9.65,2.22,-38,153,0.88,2.17,6.05,0.1534,15.2814,0.0093,0,3.7784
"1,4-difluorobenzene",p-difluorobenzene,540-36-3,C6H4F2,114,1.166,97.9,1.441,25.84,2.26,0,-13,89,0.65,2.2,73.14,0.7198,12.9481,0,0,3.0202
"1,4-dimethylbenzene","1,4-dimethylbenzene",106-42-3,C8H10,106,0.866,122.6,1.495,35.75,2.3,0,13,138,0.88,3.12,12.06,0,15.9324,0,0,1.99
"1,5-dichloropentane","1,5-dichloro-pentane",628-76-2,C5H10Cl2,141,1.1,128.2,1.457,34.92,9.92,2.33,-72,180,1.15,2.62,1.31,0.0979,17.3095,0.0284,0,3.5259
1-bromo-2-chloroethane,1-bromo-2-chloroethane,107-04-0,C2H4BrCl,143,1.689,84.9,1.491,24.59,7.14,1.21,-18,107,0.57,1.61,39.56,0.936,11.331,0,0,3.2225
1-bromo-2-methylpropane,isobutylbromide,78-77-3,C4H9Br,137,1.253,109.4,1.435,28.53,7.18,1.9,-118,91,0.41,2.64,72.64,0.0479,13.8579,0.006,0,1.555
1-bromo-3-methylbutane,1-bromo-3-methylbutane,107-82-4,C5H11Br,151,1.213,124.5,1.442,32.95,6.05,1.83,-112,119,0.54,3.13,20.17,0.0647,15.8206,0.0039,0,1.5247
1-bromobutane,1-bromobutane,109-65-9,C4H9Br,137,1.275,107.5,1.439,28.28,7.16,2.14,-112,103,0.44,2.7,54.27,0.0515,14.2176,0.0069,0,1.51
1-bromododecane,1-bromododecane,143-15-7,C12H25Br,249,1.038,240.1,1.458,65.52,4.07,1.95,-10,276,3.78,6.95,0.01,0.0526,30.1299,0.0075,0,1.4609
1-bromoheptane,"pyrido(2,3-b)pyrazine",629-04-9,C7H15Br,179,1.14,157.1,1.451,42.3,5.33,2.16,-58,178,5.82,-0.73,0,0.8643,12.6846,2.1567,0,4.323
1-bromohexane,1-bromohexane,111-25-1,C6H13Br,165,1.175,140.5,1.448,37.61,5.82,2.06,-85,154,0.74,3.77,5.51,0.0524,18.1787,0.0064,0,1.4894
1-bromonaphthalene,1-bromonaphthalene,90-11-9,C10H7Br,207,1.484,139.5,1.658,51.39,4.83,1.55,-1,281,3.31,3.6,0.03,0.1804,18.796,0,0,4.08
1-bromooctane,1-bromooctane,111-83-1,C8H17Br,193,1.112,173.7,1.453,46.94,5,1.98,-55,200,1.29,4.84,0.55,0.0523,22.175,0.0064,0,1.4856
1-bromopentane,1-bromopentane,110-53-2,C5H11Br,151,1.219,123.9,1.445,32.98,6.32,2.2,-95,129,0.57,3.24,17.46,0.0506,16.1976,0.0086,0,1.4925
1-bromopropane,1-bromopropane,106-94-5,C3H7Br,123,1.435,85.7,1.355,18.68,8.44,2.12,-110,71,0.35,2.16,162.6,0.0505,12.2197,0.0055,0,1.656
"1-chloro-2,3-epoxypropane",(chloromethyl)-oxirane,106-89-8,C3H5ClO,93,1.175,78.8,1.438,20.68,23,2.02,-57,116,0.85,0.51,12.42,0.6324,10.3444,0.9679,0,3.8511
1-chloro-2-methylbenzene,1-chloro-2-methylbenzene,95-49-8,C7H7Cl,127,1.082,117,1.527,35.97,4.45,1.56,-34,159,0.99,2.98,5.89,0.0838,15.6158,0,0,2.8883
1-chloro-2-methylpropane,1-chloro-2-methyl-propane,513-36-0,C4H9Cl,93,0.881,105.1,1.398,25.36,6.49,2,-131,69,0.35,2.46,181.98,0.0344,13.3766,0.012,0,1.4856
1-chloro-3-methylbutane,isoamylchloride,107-84-6,C5H11Cl,107,0.872,122.2,1.409,30.22,6.4,1.92,-104,100,0.45,2.88,63.67,0.0485,15.1074,0.0169,0,1.6199
1-chlorobutane,1-chlorobutane,109-69-3,C4H9Cl,93,0.886,104.5,1.402,25.44,7.39,1.9,-123,78,0.38,2.53,133.3,0.0326,13.7533,0.0158,0,1.4586
1-chlorohexane,1-chlorohexane,544-10-5,C6H13Cl,121,0.878,137.4,1.42,34.77,5.82,1.94,-94,134,0.61,3.59,12.98,0.0324,17.7388,0.0155,0,1.4205
1-chloronaphthalene,1-chloronaphthalene,90-13-1,C10H7Cl,163,1.191,136.5,1.633,48.76,5,1.55,-8,259,2.64,3.47,0.13,0.1731,18.3725,0,0,3.9726
1-chlorooctane,1-chlorooctane,111-85-3,C8H17Cl,149,0.875,169.9,1.431,43.98,5.05,2,-58,182,1.02,4.63,1.31,0.0347,21.7181,0.0151,0,1.4077
1-chloropentane,1-chloropentane,543-59-9,C5H11Cl,107,0.882,120.9,1.412,30.07,6.6,2.16,-99,105,0.49,3.06,41.8,0.0315,15.7285,0.0176,0,1.4313
1-chloropropane,1-chloropropane,540-54-5,C3H7Cl,79,0.9,87.3,1.388,20.59,8.53,2.06,-122,46,0.3,1.97,436.56,0.0285,11.7497,0.0161,0,1.6003
1-dodecanol,dodecanol,112-53-8,C12H26O,186,0.831,224.3,1.441,59.26,6.5,1.6,26,259,31.06,5.23,0,0.7257,26.8387,1.1708,0.3219,0.9238
1-ethyl-4-methylbenzene,1-ethyl-4-methylbenzene,622-96-8,C9H12,120,0.866,138.7,1.493,40.32,2.24,0,-62,162,1.11,3.63,4.2,0.0004,17.8142,0,0,1.7985
1-hexanethiol,1-hexanethiol,111-31-9,C6H14S,118,0.844,140.1,1.449,37.61,4.44,1.55,-81,153,0.83,3.48,5.86,0.2495,17.3923,0.69,0,1.5608
1-hexene,1-hexene,592-41-6,C6H12,84,0.668,126,1.388,29.72,2.05,0.46,-138,63,0.34,3.39,301.12,0,15.1583,0.1052,0,0.743
1-iodobutane,1-iodobutane,542-69-8,C4H9I,184,1.616,113.9,1.498,33.37,6.35,2.1,-103,130,0.59,2.9,11.28,0.0555,15.0128,0,0,1.5486
1-iodohexane,1-iodo-hexane,638-45-9,C6H13I,212,1.437,147.6,1.493,42.89,5.37,1.94,-75,180,0.92,3.93,1.27,0.0566,18.9627,0,0,1.4976
1-iodopentane,1-iodopentane,628-17-1,C5H11I,198,1.512,131,1.496,38.26,5.81,1.85,-86,155,0.67,3.37,4.02,0.0564,17.0067,0,0,1.5077
1-iodopropane,1-iodopropane,107-08-4,C3H7I,170,1.743,97.5,1.505,28.93,7.09,2.01,-101,102,0.47,2.37,34.24,0.0549,13.0244,0,0,1.6896
1-methoxy-2-methylbenzene,1-methoxy-2-methylbenzene,578-58-5,C8H10O,122,0.985,124,1.505,36.79,3.57,1,-34,171,1.31,2.88,1.76,0.0268,16.3488,0.4505,0,3.2676
1-methoxy-3-methylbenzene,3-methylanisole,100-84-5,C8H10O,122,0.972,125.7,1.513,37.78,4.08,1.17,-47,177,1.42,2.69,1.49,0.0326,16.3927,0.5494,0,3.353
1-methoxy-4-methylbenzene,4-methylanisole,104-93-8,C8H10O,122,0.97,125.9,1.512,37.79,4.03,1.2,-50,175,1.41,2.71,1.57,0.0351,16.424,0.5562,0,3.3309
1-methylnaphthalene,1-methylnaphthalene,90-12-0,C11H10,142,1.001,142.1,1.618,49.77,2.92,0.37,-22,242,2.39,3.41,0.26,0.0217,18.4574,0,0,3.597
1-nitropropane,1-nitropropane,108-03-2,C3H7NO2,89,1.001,89,1.401,21.64,23.24,3.6,-108,131,0.52,1.35,30.16,0.7839,11.043,0.9056,0,2.9625
1-octene,octene,111-66-0,C8H16,112,0.742,151.2,1.409,37.38,2.11,0.39,-102,121,0.59,4.45,27.01,0,19.1355,0.1044,0,0.7388
1-pentanethiol,1-pentanethiol,110-66-7,C5H12S,104,0.843,123.6,1.447,33,4.55,1.5,-76,125,0.65,2.95,18.74,0.2464,15.3942,0.6893,0,1.5559
1-pentene,pentene,109-67-1,C5H10,70,0.643,109.1,1.371,24.76,2.1,0.5,-162,30,0.26,2.86,972.54,0,13.2071,0.1065,0,0.7529
1-phenyl-1-propanone,propiophenone,93-55-0,C9H10O,134,1.009,133,1.527,40.89,15.5,2.6,19,218,2.11,2.02,0.25,0.0885,16.5759,1.3154,0,3.8382
"2,2,3-trimethylbutane","2,2,3-trimethylbutane",464-06-2,C7H16,100,0.69,145.2,1.389,34.38,1.93,0,-25,81,0.32,3.79,239.46,0,15.9158,0,0,0.1505
"2,2-dichloropropane","2,2-dichloropropane",594-20-7,C3H6Cl2,113,1.092,103.5,1.412,25.75,11.63,2.35,-34,70,0.43,2.16,58.86,0.0374,13.2001,0,0,2.8637
"2,2-dimethylbutane","2,2-dimethylbutane",75-83-2,C6H14,86,0.649,132.8,1.369,29.96,1.87,0,-98,50,0.27,3.48,575,0,14.6108,0,0,0.1164
"2,2-dimethylpentane","2,2-dimethylpentane",590-35-2,C7H16,100,0.674,148.8,1.382,34.64,1.92,0,-125,79,0.35,4.02,167.78,0,16.6274,0,0,0.1149
"2,2-dimethylpropane",neopentane,463-82-1,C5H12,72,0.613,117.7,1.351,25.41,1.91,0,-17,9,0.22,3.08,1553.28,0,13.0871,0,0,0.1315
"2,3,4,5,6-pentafluorotoluene",n-methylpentafluorobenzene,771-56-2,C7H3F5,182,1.436,126.8,1.402,30.88,1.93,2.01,-30,118,0.62,3.31,36.12,0.0108,17.2901,0,0,1.8738
"2,3-dimethyl-1,3-butadiene","2,3-dimethyl-1,3-butadiene",513-81-5,C6H10,82,0.726,113.1,1.439,29.73,2.1,0,-76,69,0.32,2.86,377.71,0,14.009,0.029,0,1.6102
"2,3-dimethylpentane","2,3-dimethylpentane",565-59-3,C7H16,100,0.694,144.3,1.392,34.36,1.94,0,-135,90,0.34,4,186.02,0,16.4749,0,0,0.1318
"2,4,6-trimethyl-1,3,5-trioxane",paraldehyde,123-63-7,C6H12O3,132,0.994,133,1.42,33.65,13.9,1.44,13,124,2.12,1.07,0.48,0,14.5981,2.4724,0,3.9787
"2,4,6-trimethylpyridine","2,4,6-collidine",108-75-8,C8H11N,121,0.917,132.2,1.498,38.74,12.02,2.04,43,171,1.44,2.32,1.03,0.0111,16.7165,0.8775,0,2.5076
"2,4-dimethyl-3-pentanone","2,4-dimethyl-3-pentanone",565-80-0,C7H14O,114,0.799,142.9,1.399,34.57,17.07,2.76,-69,124,0.61,2.03,11.47,0,15.8574,1.3097,0,1.446
"2,4-dimethylaniline","2,4-dimethylaniline",95-68-1,C8H11N,121,0.979,123.8,1.562,40.13,4.9,1.4,-15,216,2.66,1.95,0.27,1.152,15.4136,0.5479,0.12,3.0389
"2,4-dimethylpentane","2,4-dimethylpentane",108-08-7,C7H16,100,0.673,148.9,1.382,34.69,1.91,0,-119,81,0.36,4.09,155.22,0,16.8045,0,0,0.1239
"2,4-dimethylpyridine","2,4-dimethylpyridine",108-47-4,C7H9N,107,0.931,115.2,1.501,33.92,9.6,2.3,-60,157,1.17,1.67,2.76,0.0268,14.6777,0.9299,0,2.7887
"2,4-pentanedione",acetylacetone,123-54-6,C5H8O2,100,0.98,102.2,1.452,27.56,23.1,3.03,-23,140,1.03,-0.33,2.4,0.2185,11.5012,2.5761,0,4.3186
"2,6-dimethyl-4-heptanone","2,6-dimethyl-4-heptanone",108-83-8,C9H18O,142,0.807,176.3,1.412,43.86,9.91,2.66,-42,168,0.99,3.15,2.57,0.0044,19.8579,1.26,0,1.513
"2,6-dimethylpyridine","2,6-dimethylpyridine",108-48-5,C7H9N,107,0.925,115.8,1.497,33.89,7.33,1.68,-6,144,1.16,1.8,3.9,0.0383,14.701,0.8316,0,2.7976
2-(2-aminoethylamino)ethanol,2-(2-aminoethyl)aminoethanol,111-41-1,C4H12N2O,104,1.029,101.2,1.486,29.06,18.99,2.65,-28,240,8.26,-0.96,0.12,1.3124,11.1351,2.0433,0.0273,3.081
2-aminoethanol,ethanolamine,141-43-5,C2H7NO,61,1.012,60.4,1.454,16.35,31.94,2.59,10,170,6,-1.35,2.71,1.0705,7.3361,1.6713,0.0067,2.4924
2-bromobutane,2-bromobutane,78-76-2,C4H9Br,137,1.256,109.1,1.437,28.58,8.64,2.23,-112,91,0.42,2.54,64.33,0.01,13.7971,0.0366,0,1.6855
2-bromopropane,2-bromopropane,75-26-3,C3H7Br,123,1.425,86.3,1.314,16.83,9.46,2.21,-89,59,0.36,2.01,149.13,0.0173,12.056,0.0415,0,1.97
2-butoxyethanol,2-butoxyethanol,111-76-2,C6H14O2,118,0.902,131,1.417,32.95,5.3,2.1,-75,171,2.24,1.57,1.58,0.4027,15.8795,1.703,0.1329,1.6942
2-chloro-2-methylpropane,2-chloro-2-methylpropane,507-20-0,C4H9Cl,93,0.846,109.4,1.386,25.7,10.95,2.13,-26,50,0.36,2.19,161.46,0,12.9987,0.0904,0,1.7122
2-chloroaniline,2-chloroaniline,95-51-2,C6H6ClN,128,1.213,105.2,1.588,35.39,13.4,1.79,-14,209,2.08,1.69,0.42,1.3682,13.4957,0.3696,0.2774,3.4161
2-chlorobutane,2-chlorobutane,78-86-4,C4H9Cl,93,0.874,105.9,1.397,25.51,8.56,2.04,-141,68,0.36,2.39,163.17,0.0046,13.3484,0.0497,0,1.554
2-cyanopyridine,2-cyanopyridine,100-70-9,C6H4N2,104,1.081,96.3,1.529,29.7,93.77,1.96,27,213,2.06,0.14,0.04,1.0035,11.7679,1.4521,0,3.5568
2-ethoxyethanol,ethoxyethanol,110-80-5,C4H10O2,90,0.931,96.8,1.405,23.73,5.3,2.08,-70,135,1.95,0.34,7.83,0.3874,11.9328,1.7137,0.138,1.8339
2-heptanone,2-heptanone,110-43-0,C7H14O,114,0.82,139.3,1.408,34.35,11.95,2.59,-35,150,0.82,1.97,5.38,0.008,16.512,1.5525,0,2.1603
2-hexanone,2-hexanone,591-78-6,C6H12O,100,0.807,124.1,1.401,30.15,14.56,2.69,-56,128,0.67,1.46,16.46,0.0072,14.5307,1.5418,0,2.1784
2-iodopropane,2-iodopropane,75-30-9,C3H7I,170,1.703,99.8,1.499,29.31,8.19,2.09,-90,89,0.47,2.2,32.71,0.0191,12.8301,0.0001,0,1.9663
2-methoxy-2-methylpropane,methyl-t-butylether,1634-04-4,C5H12O,88,0.741,119,1.369,26.85,4.5,1.32,-109,55,0.37,1.75,208.11,0,13.0898,0.8852,0,0.9107
2-methoxyaniline,1-cis-2-trans-3-trimethylcyclopentane,90-04-0,C7H9NO,123,1.092,112.7,1.575,37.28,5.23,1.61,5,225,0.64,4.13,26.38,0,17.1362,0,0,0.1065
2-methoxyethanol,2-methoxyethanol,109-86-4,C3H8O2,76,0.965,78.9,1.402,19.21,16.93,2.04,-85,125,1.84,-0.22,16.42,0.5408,9.6627,1.7752,0.203,2.1063
2-methyl-1-butene,2-methyl-1-butene,563-46-2,C5H10,70,0.65,107.8,1.379,24.89,2.2,0.51,-137,31,0.25,2.73,1741.3,0,12.8081,0.1347,0,0.6964
2-methyl-1-heptanol,2-methyl-1-heptanol,60435-70-3,C8H18O,130,0.799,163.1,1.422,41.43,5.15,1.62,-112,176,6.01,3.07,0.27,0.7218,18.5243,1.0351,0.303,0.8714
2-methyl-2-butanol,2-methyl-2-butanol,75-85-4,C5H12O,88,0.815,108.2,1.405,26.51,5.82,1.8,-12,102,2.13,1.45,12.08,0.6061,12.3656,1.0219,0.2316,1.0585
2-methyl-2-phenylpropane,"(1,1-dimethylethyl)benzene",98-06-6,C10H14,134,0.867,154.8,1.493,44.97,2.38,0.45,-58,169,1.28,3.78,2.22,2.1975,15.1353,1.6348,0.7924,3.5059
2-methyl-2-propanamine,2-amino-2-methylpropane,75-64-9,C4H11N,73,0.691,105.8,1.379,24.46,4.31,1.15,-67,44,0.56,1.13,194.26,0.4692,11.4008,0.7279,0,1.6178
2-methyl-2-propanethiol,tert-butylthiol,75-66-1,C4H10S,90,0.799,112.9,1.422,28.73,5.48,1.59,1,64,0.43,2.17,97.38,0.2008,12.6471,0.7217,0,1.4776
2-methyl-2-propanol,tert-butanol,75-65-0,C4H10O,74,0.781,94.9,1.387,22.35,10.9,1.66,25,82,2.26,0.88,21.47,0.634,10.6226,1.099,0.241,1.1732
2-methyl-3-heptanol,2-methyl-3-heptanol,18720-62-2,C8H18O,130,0.821,158.7,1.425,40.55,3.37,1.62,-85,168,3.58,3.21,0.76,0.5404,18.4315,0.944,0.2079,0.8102
2-methylaniline,2-methyl-benzeneamine,95-53-4,C7H9N,107,0.999,107.3,1.573,35.35,6.34,1.3,-21,200,2.14,1.44,0.53,1.1827,13.5243,0.4927,0.1599,3.3015
2-methylbenzonitrile,2-methylbenzonitrile,529-19-1,C8H7N,117,0.99,118.4,1.528,36.45,18.5,3.77,-12,205,1.55,1.46,0.35,0.2509,14.8807,1.1348,0,3.7297
2-methylhexane,2-methylhexane,591-76-4,C7H16,100,0.679,147.6,1.385,34.61,1.92,0,-118,90,0.39,4.27,122.95,0,17.3056,0,0,0.0924
2-methylpentane,2-methylpentane,107-83-5,C6H14,86,0.656,131.3,1.371,29.78,1.89,0,-154,60,0.29,3.74,405.18,0,15.3542,0,0,0.0948
2-methylpropanoic acid,isobutyricacid,79-31-2,C4H8O2,88,0.97,90.9,1.393,21.68,2.6,1.08,-47,155,4.43,0.77,2.41,0.8945,10.2591,1.682,0.6085,1.3995
2-methylpropyl acetate,aceticacid-2-methylpropylester,110-19-0,C6H12O2,116,0.875,132.8,1.39,31.47,5.6,1.87,-99,118,0.68,1.85,6.7,0.0309,15.1785,1.6891,0,2.3395
2-methylpropyl formate,isobutylformate,542-55-2,C5H10O2,102,0.876,116.6,1.386,27.39,6.41,1.88,-96,98,0.65,1.53,35.67,0.3922,13.085,1.5616,0,2.204
2-methylpropylamine,2-methyl-1-propanamine,78-81-9,C4H11N,73,0.735,99.6,1.397,23.98,4.4,1.15,-87,68,0.48,1.14,174.41,0.5709,11.4267,0.8711,0,1.5451
2-methylpropylbenzene,isobutylbenzene,538-93-2,C10H14,134,0.872,154,1.493,44.74,2.35,0.4,-51,173,1.35,4,1.83,0.0039,19.2757,0,0,1.9856
2-methyltetrahydrofuran,2-methyltetrahydrofuran,96-47-9,C5H10O,86,0.86,100.2,1.407,24.65,6.97,1.38,-136,78,0.57,1.32,67.75,0,12.1182,1.0522,0,0.7276
2-nitroanisole,1-methoxy-2-nitrobenzene,91-23-6,C7H7NO3,153,1.254,122.1,1.562,39.6,43,4.83,10,272,3.16,1.66,0.01,0.5174,15.5943,1.5508,0,5.133
2-nitropropane,2-nitropropane,79-46-9,C3H7NO2,89,0.992,89.8,1.392,21.39,25.5,3.76,-93,120,0.44,1.39,57.78,0.1483,11.4991,0.8396,0,3.2049
2-nitrotoluene,2-nitrotoluene,88-72-2,C7H7NO2,137,1.163,118,1.547,37.43,27.4,3.7,-4,222,1.6,2.28,0.43,0.3041,15.2965,0.8447,0,4.0104
2-octanol,2-octanol,123-96-6,C8H18O,130,0.819,159,1.424,40.6,8.2,1.13,-32,180,6.38,3.14,0.25,0.6401,18.8721,1.0529,0.25,0.9595
2-octanone,2-octanone,111-13-7,C8H16O,128,0.818,156.8,1.415,39.29,10.39,2.7,-16,173,1.14,2.53,1.73,0.0077,18.5004,1.5365,0,2.1925
2-phenylacetonitrile,phenylacetonitrile,140-29-4,C8H7N,117,1.015,115.4,1.523,35.26,18.3,3.59,-24,234,2.47,0.95,0.06,0.9573,14.3462,1.2086,0,4.8028
2-phenylethanol,2-phenylethanol,60-12-8,C8H10O,122,1.017,120.1,1.532,37.22,13,1.6,-27,220,10.88,1.42,0.09,0.7757,15.0733,1.1125,0.3651,3.4166
2-propen-1-amine,2-propen-1-amine,107-11-9,C3H7N,57,0.758,75.3,1.421,19.1,5.96,1.25,-88,55,0.53,0.29,270.44,0.6674,8.9934,0.9042,0.0019,2.728
2-propen-1-ol,2-propen-1-ol,107-18-6,C3H6O,58,0.854,68,1.412,16.92,21,1.6,-129,97,2.56,0.13,36.97,0.741,8.4575,1.1357,0.3421,2.2302
2-propenenitrile,2-propenenitrile,107-13-1,C3H3N,53,0.806,65.8,1.391,15.64,33.01,3.9,-84,78,0.45,-0.16,73.57,0.9475,7.7847,1.0972,0,2.5836
2-undecanone,2-undecanone,112-12-9,C11H22O,170,0.825,206.4,1.429,53.22,8.4,2.69,15,229,2.44,4.12,0.06,0.0101,24.4738,1.5342,0,2.1765
"3,3-dimethyl-2-butanone","3,3-dimethyl-2-butanone",75-97-8,C6H12O,100,0.807,124.1,1.397,29.89,12.73,2.75,-53,106,0.52,1.33,34.21,0.0135,13.4928,1.4874,0,1.9181
"3,3-dimethylpentane","3,3-dimethylpentane",562-49-2,C7H16,100,0.693,144.6,1.391,34.35,1.94,0,-135,86,0.33,3.9,211.66,0,16.1669,0,0,0.1326
"3,4-dimethylpyridine","3,4-dimethylpyridine",583-58-4,C7H9N,107,0.955,112.2,1.511,33.61,11.47,1.87,-11,164,1.14,1.39,2.32,0.0197,14.2471,1.0113,0,2.889
"3,6,9-trioxaundecane","1,1'-oxybis-2-ethoxy-ethane",112-36-7,C8H18O3,162,0.906,179.1,1.411,44.46,5.7,1.96,-44,187,1.66,1.58,0.06,0,20.9786,2.7497,0,2.2639
3-bromoaniline,3-bromoaniline,591-19-5,C6H6BrN,172,1.579,108.9,1.626,38.56,13,2.99,18,251,3.21,1.69,0.03,1.6675,13.9078,0.398,0.347,3.74
3-bromopentane,3-bromopentane,1809-10-5,C5H11Br,151,1.211,124.7,1.443,33.07,8.37,2.29,-126,118,0.5,3.07,27.54,0.0047,15.5388,0.0415,0,1.412
3-bromopropene,3-bromopropene,106-95-6,C3H5Br,121,1.398,86.5,1.47,24.14,7,1.4,-119,71,0.44,1.76,87.56,0.2922,11.5666,0.0002,0,3.0687
3-bromopyridine,3-bromopyridine,626-55-1,C5H4BrN,158,1.617,97.7,1.57,32.06,9.85,1.99,-27,173,1.54,1.42,1.14,0.6012,12.7651,0.7827,0,3.1841
3-chloroaniline,3-chlorobenzeneamine,108-42-9,C6H6ClN,128,1.214,105.1,1.594,35.66,13.4,2.43,-10,230,2.65,1.51,0.1,1.6568,13.407,0.3971,0.3403,3.6706
3-chloropropene,3-chloropropene,107-05-1,C3H5Cl,77,0.94,81.4,1.416,20.43,8.2,1.94,-135,45,0.38,1.56,278.8,0.2296,11.1209,0.0011,0,3.0252
3-chlorotoluene,3-chlorotoluene,108-41-8,C7H7Cl,127,1.072,118.1,1.522,36.01,5.55,1.6,-48,162,1.04,3.04,3.84,0.1255,15.8857,0,0,2.8977
3-ethylpentane,3-ethylpentane,617-78-7,C7H16,100,0.699,143.4,1.394,34.28,1.94,0,-119,93,0.34,4.01,185.33,0,16.4778,0,0,0.108
3-heptanol,3-heptanol,589-82-2,C7H16O,116,0.817,142.2,1.42,35.99,6.86,1.71,-70,157,3.47,2.66,1.24,0.6239,16.8559,0.9329,0.2338,0.8062
3-heptanone,3-heptanone,106-35-4,C7H14O,114,0.818,139.6,1.409,34.49,12.9,2.78,-37,147,0.76,2.1,7.48,0,16.5313,1.4046,0,5.4652
3-isothiocyanatopropene,dmtt(dazomet),57-06-7,C4H5NS,99,1.017,97.5,1.527,29.97,17.2,3.3,-102,154,7.93,0.73,0,0.9227,15.146,2.1104,0.3207,1.0125
3-methyl-1-butanol,isopentanol,123-51-3,C5H12O,88,0.81,108.8,1.401,26.46,15.2,1.7,-134,130,3.87,1.4,4.47,0.7177,12.5135,1.1817,0,1.9973
3-methyl-2-butanone,3-methyl-2-butanone,563-80-4,C5H10O,86,0.804,107.1,1.388,25.28,16.57,2.79,-92,94,0.46,0.92,67.58,0.0139,12.2246,1.487,0.1952,3.2781
3-methylaniline,3-methylaniline,108-44-1,C7H9N,107,0.999,107.3,1.567,35.04,5.95,1.3,-44,203,2.51,1.4,0.4,1.3544,13.521,0.5282,0.6133,1.4796
3-methylbutanoic acid,isovalericacid,503-74-2,C5H10O2,102,0.925,110.4,1.403,26.96,2.6,0.63,-29,176,5.57,1.26,1.39,0.913,12.0834,1.7313,0,2.4622
3-methylhexane,3-methyl-hexane,589-34-4,C7H16,100,0.69,145.2,1.389,34.33,1.93,0,-119,92,0.35,4.17,142.74,0,17.1037,0,0,0.1052
3-methylphenol,3-hydroxytoluene,108-39-4,C7H8O,108,1.034,104.6,1.54,32.8,11.5,1.6,11,203,5.49,1.85,0.28,0.9406,13.3775,0.6924,0.6502,2.4956
3-methylpyridine,3-picoline,108-99-6,C6H7N,93,0.957,97.4,1.507,28.97,11.1,2.41,-18,144,0.95,1.04,7.45,0.0664,12.5906,0.9576,0,2.9791
3-octanol,3-octanol,589-98-0,C8H18O,130,0.818,159.3,1.421,40.39,7.03,1.74,-45,175,4.2,3.23,0.47,0.6241,18.9219,0.9292,0.2334,0.8084
3-pentanone,3-pentanone,96-22-0,C5H10O,86,0.815,105.7,1.392,25.17,17.3,2.7,-39,101,0.49,1.06,66.29,0,12.556,1.415,0,2.0329
"4,N,N-trimethylaniline","n,n,4-trimethylaniline",99-97-8,C9H13N,135,0.937,144.4,1.547,45.77,3.9,1.23,-25,211,1.68,3.35,0.48,0.0081,18.6689,0.2581,0,2.7209
4-chlorotoluene,1-chloro-4-methylbenzene,106-43-4,C7H7Cl,127,1.071,118.2,1.521,35.99,6.08,2.21,7,162,1.04,3.02,3.98,0.1427,15.8236,0,0,2.8811
4-ethylpyridine,4-ethylpyridine,536-75-4,C7H9N,107,0.941,113.9,1.502,33.61,10.98,2.65,-91,167,1.19,1.52,2.73,0.0653,14.4578,0.9796,0,2.7352
4-fluorotoluene,4-fluorotoluene,352-32-9,C7H7F,110,0.998,110.4,1.469,30.73,5.86,2,-57,116,0.74,2.68,27.07,0.1505,14.6611,0,0,2.7589
4-heptanol,4-heptanol,589-55-9,C7H16O,116,0.815,142.6,1.418,35.94,6.17,1.7,-42,155,3.11,2.7,0.84,0.6257,16.9192,0.9301,0.2336,0.7878
4-heptanone,4-heptanone,123-19-3,C7H14O,114,0.815,140.1,1.407,34.49,12.6,2.68,-33,144,0.57,2.21,9.19,0,16.547,1.4354,0,1.6817
4-methoxyaniline,p-anisidine,104-94-9,C7H9NO,123,1.061,116.1,1.556,37.32,8.84,1.8,57,246,4.56,0.86,0.03,1.3549,13.9603,1.1678,0.1532,4.6182
"4-methyl-1,3-pentadiene","4-methyl-1,3-pentadiene",926-56-7,C6H10,82,0.719,114.3,1.45,30.73,2.6,0.52,-70,76,0.37,2.87,233.05,0.003,14.4875,0.0623,0,1.7508
4-methyl-3-heptanol,4-methyl-3-heptanol,14979-39-6,C8H18O,130,0.794,164,1.418,41.32,5.25,1.23,-123,170,3.47,3.15,1.05,0.6573,17.9564,0.9272,0.2641,0.8773
4-methyl-3-penten-2-one,4-methyl-3-penten-2-one,141-79-7,C6H10O,98,0.858,114.4,1.444,30.39,15.1,3.28,-59,130,0.61,1.23,17.73,0.0039,13.7668,1.4902,0,2.6363
4-methylaniline,4-methylaniline,106-49-0,C7H9N,107,0.954,112.3,1.553,35.96,4.98,1.38,45,200,2.52,1.41,0.44,1.3409,13.5852,0.5098,0.1835,3.2268
4-methylpentanenitrile,4-methylpentanitrile,542-54-1,C6H11N,97,0.803,121,1.406,29.72,15,3.53,-51,154,0.7,1.23,5.2,0.3166,14.1662,1.3696,0,2.2996
4-methylpyridine,4-methylpyridine,108-89-4,C6H7N,93,0.957,97.3,1.505,28.86,12.28,2.7,4,145,0.96,0.99,6.78,0.0592,12.5787,0.9788,0,3.0701
4-nitroanisole,p-nitroanisole,100-17-4,C7H7NO3,153,1.219,125.6,1.571,41.25,27.98,5.26,54,259,3.1,1.92,0.01,0.7272,15.6329,1.4016,0,4.8789
4-octanol,octan-4-ol,589-62-8,C8H18O,130,0.815,159.7,1.423,40.65,5.12,1.15,-41,177,3.96,3.27,0.51,0.6247,18.8883,0.9319,0.234,0.7894
5-nonanone,5-nonanone,502-56-7,C9H18O,142,0.818,173.9,1.42,44,10.6,2.71,-50,188,0.95,3.19,1.1,0,20.4354,1.4157,0,1.6633
acenaphthene,acenaphthene,83-32-9,C12H10,154,1.024,150.6,1.605,51.84,3,0.93,94,277,3.13,3.53,0.1,0.0092,19.0233,0,0,3.1984
acetaldoxime,acetaldehydeoxime,107-29-9,C2H5NO,59,0.97,60.9,1.426,15.61,3.4,0.75,45,115,3.87,-0.17,15.47,0.8828,7.5284,1.5044,0.587,1.9906
acetic acid,aceticacid,64-19-7,C2H4O2,60,1.051,57.1,1.372,12.99,6.2,1.68,17,118,3.54,-0.47,6.36,0.9527,6.4224,1.8889,0.6156,2.1773
acetic anhydride,aceticanhydride,108-24-7,C4H6O3,102,1.082,94.4,1.39,22.37,20,2.8,-73,139,0.78,0.35,1.6,0.3781,11.2705,2.1978,0,4.3632
acetophenone,acetophenone,98-86-2,C8H8O,120,1.024,117.3,1.533,36.39,17.4,3.05,20,202,1.82,1.34,0.47,0.1219,14.5751,1.4581,0,4.0974
acetyl chloride,acetylchloride,75-36-5,C2H3ClO,79,1.104,71.1,1.39,16.85,15.8,2.72,-112,52,0.36,1.21,245.56,0.6953,9.4745,0.1419,0,2.8587
aniline,aniline,62-53-3,C6H7N,93,1.022,91.1,1.583,30.45,6.7,1.51,-6,184,2.04,0.89,0.87,1.3913,11.6321,0.4657,0.225,3.4954
anthracene,anthracene,120-12-7,C14H10,178,1.25,142.6,1.595,48.44,2.35,0,218,340,6.89,3.91,0,0.0711,21.4886,0,0,5.0605
benzaldehyde,benzaldehyde,100-52-7,C7H6O,106,1.042,101.9,1.546,32.28,17.8,2.89,-26,178,1.42,1.1,1.79,0.1325,12.9493,1.4077,0,3.872
benzene,benzene,71-43-2,C6H6,78,0.879,88.9,1.501,26.2,2.28,0,6,80,0.58,2.05,102.17,0.016,12.1212,0,0,2.6909
benzoyl chloride,benzoylchloride,98-88-4,C7H5ClO,141,1.212,116,1.554,37.15,23,3.26,-1,197,1.37,2.77,0.69,0.3198,15.6252,0.2542,0,3.4652
benzyl acetate,aceticacidphenylmethylester,140-11-4,C9H10O2,150,1.057,142.1,1.523,43.4,5.1,1.22,-51,214,2.96,1.99,0.06,0.0966,17.7945,1.7594,0,5.3518
benzyl alcohol,benzylalcohol,100-51-6,C7H8O,108,1.044,103.6,1.54,32.5,13,1.71,-15,205,9.43,1.14,0.11,0.7325,13.3052,1.0565,0.3428,3.4727
benzyl chloride,(chloromethyl)-benzene,100-44-7,C7H7Cl,127,1.1,115.1,1.539,36.05,7,1.82,-39,179,1.64,2.39,0.89,0.3193,15.6818,0.0027,0,4.219
benzylamine,benzylamine,100-46-9,C7H9N,107,0.982,109.2,1.544,34.45,4.6,1.1,10,185,1.67,1.2,1.06,0.6092,14.0501,0.7874,0.0013,4.0152
biphenyl,biphenyl,92-52-4,C12H10,154,0.99,155.8,1.614,54.31,2.53,0,69,255,4.32,3.59,0.03,0.0477,19.877,0,0,4.6012
bis(2-chloroethyl) ether,bis(2-chloroethyl)ether,111-44-4,C4H8Cl2O,143,1.219,117.3,1.457,31.95,20.79,2.43,-50,178,1.3,1.42,0.34,0.5228,15.6233,0.6705,0,5.4504
bromobenzene,bromobenzene,108-86-1,C6H5Br,157,1.492,105.2,1.559,33.98,5.4,1.55,-31,156,1.08,2.66,3.17,0.2076,14.3755,0,0,3.2399
bromocyclohexane,bromocyclohexane,108-85-0,C6H11Br,163,1.336,122,1.495,35.59,7.92,2.2,-57,164,0.97,2.97,3.14,0.0083,15.5515,0.0499,0,1.0652
bromoethane,bromoethane,74-96-4,C2H5Br,109,1.47,74.1,1.425,18.95,4.9,2.04,-119,38,0.3,1.57,419.81,0.0671,10.2577,0.0114,0,2.0499
bromotrichloromethane,bromotrichloromethane,75-62-7,CBrCl3,198,2,99.1,1.506,29.45,2.47,0.4,-6,105,0.45,2.99,43.95,0.0573,13.8772,0,0,1.3044
butanal,butanal,123-72-8,C4H8O,72,0.811,88.9,1.394,21.28,13.4,2.72,-96,75,0.39,0.68,266.2,0.007,10.7517,1.4099,0,2.166
butane,butane,106-97-8,C4H10,58,0.579,100.4,1.333,20.63,1.77,0,-138,-1,0.18,2.81,4055.42,0,11.7502,0,0,0.0682
butanenitrile,butyronitrile,109-74-0,C4H7N,69,0.795,86.9,1.384,20.31,20.7,4.07,-112,118,0.46,0.26,34.15,0.2872,10.6019,1.3635,0,2.4474
butanethiol,butanethiol,109-79-5,C4H10S,90,0.842,107.2,1.443,28.38,4.95,1.53,-116,98,0.5,2.42,58.77,0.2506,13.3911,0.6949,0,1.5735
butanoic acid,butyricacid,107-92-6,C4H8O2,88,0.96,91.8,1.398,22.16,2.8,1.65,-8,164,4.9,0.68,1.82,0.8967,10.458,1.7777,0.6056,1.5856
butanol,1-butanol,71-36-3,C4H10O,74,0.81,91.5,1.399,22.16,17.51,1.75,-90,118,2.92,0.97,11.77,0.7391,10.9424,1.1477,0.3209,0.9353
butoxybenzene,butylphenylether,1126-79-0,C10H14O,150,0.934,160.8,1.497,47.06,3.73,1.19,-19,208,2.31,3.91,0.17,0.0384,20.5123,0.5353,0,2.9735
butylamine,1-butylamine,109-73-9,C4H11N,73,0.74,98.8,1.401,24.01,5.4,1,-49,77,0.49,1.21,153.76,0.5744,11.7539,0.8735,0,1.5537
carbon disulfide,cs2,75-15-0,CS2,76,1.26,60.4,1.628,21.44,2.64,0,-112,46,0.25,2.31,888.62,0,9.9513,0,0,0.1082
chlorobenzene,chlorobenzene,108-90-7,C6H5Cl,113,1.106,101.8,1.525,31.18,5.62,1.54,-45,132,0.86,2.5,12.24,0.2111,13.8897,0,0,3.1312
chlorocyclohexane,chlorocyclohexane,542-18-7,C6H11Cl,119,0.989,119.9,1.462,32.97,7.6,2.19,-44,142,0.84,2.8,7.53,0.0046,15.0875,0.0528,0,0.9945
"cis-1,2-dichloroethene","cis-1,2-dichloroethene",156-59-2,C2H2Cl2,97,1.282,75.6,1.446,20.17,9.2,2.95,-80,60,0.32,1.78,366.62,1.1748,9.9791,0,0,1.8803
cis-decalin,cis-decalin,493-01-6,C10H18,138,0.897,154.1,1.48,43.78,2.23,0,-43,193,1.28,4.35,3.06,0,18.1693,0,0,0.0288
cumene,isopropylbenzene,98-82-8,C9H12,120,0.857,140.3,1.491,40.62,2.38,0.65,-96,151,1.1,3.51,4.62,0.0041,17.5364,0,0,2.1168
cycloheptatriene,cycloheptatriene,544-25-2,C7H8,92,0.887,103.9,1.517,31.43,2.54,0.25,-80,116,0.79,2.43,28.7,0.0015,13.6582,0.092,0,2.4097
cyclohexanamine,cyclohexylamine,108-91-8,C6H13N,99,0.865,114.7,1.459,31.35,4.43,1.31,-18,135,1.29,1.57,9.86,0.4891,13.2928,0.7867,0,1.427
cyclohexanecarboxylic acid,cyclohexanecarboxylicacid,98-89-5,C7H12O2,128,1.025,125,1.454,33.84,2.67,0.9,31,233,13.32,1.69,0.06,0.8937,13.788,1.7457,0.6059,0.8899
cyclohexanol,cyclohexanol,108-93-0,C6H12O,100,0.949,105.5,1.465,29.18,15,1.85,26,161,6.08,1.3,0.93,0.6907,12.4213,1.1381,0.2958,0.774
cyclohexene,cyclohexene,110-83-8,C6H10,82,0.811,101.3,1.447,27.06,2.22,0.33,-104,83,0.47,2.74,178.45,0,12.7906,0.1885,0,0.4225
cyclohexyl acetate,aceticacidcyclohexylester,622-45-7,C8H14O2,142,0.97,146.6,1.442,38.79,5.08,1.9,-65,172,1.56,2.31,0.56,0.7269,14.9099,1.1737,0.3232,0.9139
cyclooctane,aceticacidcyclohexylester,292-64-8,C8H16,112,0.834,134.6,1.459,36.78,2.12,0,15,149,0.78,3.86,19.58,0.0283,16.9292,1.7335,0,1.8597
cyclooctatetraene,cyclooctane,629-20-9,C8H8,104,0.918,113.5,1.538,35.49,2.46,0.07,-5,141,1.18,2.5,6.04,0,16.2083,0,0,0.0239
cyclopentane,"1,3,5,7-cyclooctatetraene",287-92-3,C5H10,70,0.745,94.1,1.406,23.13,1.84,0,-94,49,0.32,2.81,737.31,0.0048,14.7395,0.207,0,3.2517
cyclopentanone,cyclopentanone,120-92-3,C5H8O,84,0.95,88.5,1.437,23.2,14.45,3.28,-58,131,0.71,0.33,23.49,0.0049,10.7803,1.6632,0,2.1009
d-carvone,carvon,2244-16-8  ,C10H14O,150,0.961,156.3,1.497,45.74,11,3.17,89,230,2.7,2.01,0.06,0.0146,18.3916,1.6312,0,3.347
decane,n-decane,124-18-5,C10H22,142,0.73,194.9,1.408,48.08,1.95,0.07,-30,174,0.95,5.99,2.93,0,23.6676,0,0,0.0747
decanol,1-decanol,112-30-1,C10H22O,158,0.83,190.8,1.437,49.98,8.1,1.6,6,233,15.92,4.15,0.01,0.7255,22.8473,1.1716,0.3214,0.9238
di-n-butyl sulfide,di-n-butylsulfide,544-40-1,C8H18S,146,0.839,174.4,1.453,47.13,4.41,1.59,-80,189,0.93,4.36,1.06,0,21.1341,0.7955,0,1.225
dibenzofuran,dibenzofuran,132-64-9,C12H8O,168,1.089,154.5,1.608,53.42,3,0.86,82,285,4.71,3.69,0.02,0.2262,19.4984,0.11,0,4.5789
dibenzyl ether,dibenzylether,103-50-4,C14H14O,198,1.044,189.9,1.561,61.5,3.86,1.39,3,297,9.26,3.73,0,0.0447,24.7505,0.834,0,5.6387
dibromomethane,ch2br2,74-95-3,CH2Br2,174,2.495,69.7,1.541,21.88,7.8,1.78,-53,97,0.5,1.64,44.84,1.3282,9.569,0,0,2.2843
dibutyl decandioate,decanedioicaciddibutylester,109-43-3,C18H34O4,314,0.941,334.2,1.443,88.55,4.54,2.64,-10,349,40.83,6.45,0,0.0025,39.3178,3.3541,0,3.5484
dibutyl ether,di-n-butylether,142-96-1,C8H18O,130,0.769,169.4,1.397,40.78,3.1,1.18,-95,142,0.57,4.05,6.21,0,20.0194,0.9438,0,0.2562
dibutyl phthalate,dibutylphthalate,84-74-2,C16H22O4,278,1.043,266.9,1.493,77.56,6.44,2.83,-35,340,22.94,4.62,0,0.2118,30.982,2.6185,0,4.4145
dibutylamine,dibutylamine,111-92-2,C8H19N,129,0.767,168.5,1.415,42.23,3.2,0.98,-62,160,0.6,3.97,4.67,0.2345,20.3942,0.6603,0,0.797
dichloromethane,ch2cl2,75-09-2,CH2Cl2,85,1.326,64.1,1.424,16.35,8.93,1.14,-97,39,0.32,1.23,483.81,1.4042,8.4423,0,0,2.1306
diethanolamine,diethanolamine,111-42-2,C4H11NO2,105,1.097,95.8,1.478,27.13,25.75,2.79,29,270,18.47,-0.7,0.02,1.0711,11.5147,2.3909,0.0172,3.3313
diethyl (2E)-2-butenedioate,"2,4,4-trimethyl-2-pentanethiol",141-59-3,C8H12O4,172,1.052,163.7,1.441,43.22,6.56,2.39,0,214,0.86,3.7,3.39,0.1564,18.5905,0.6306,0,1.3301
diethyl (2Z)-2-butenedioate,diethylmaleate,141-05-9,C8H12O4,172,1.066,161.5,1.44,42.57,8.58,2.55,-11,220,2.76,1.73,0.02,0.6884,18.2156,2.8822,0,4.8923
diethyl butanedioate,ethylsuccinate,123-25-1,C8H14O4,174,1.042,167.2,1.42,42.31,6.64,2.17,-21,218,2.54,1.79,0.02,0.1015,19.34,3.0051,0,5.1538
diethyl disulfide,diethyldisulfide,110-81-6,C4H10S2,122,0.988,123.7,1.507,36.82,15.9,2.01,-102,152,0.71,3.09,5.79,0.0239,16.0465,0.271,0,2.185
diethyl oxalate,ethyloxalat,95-92-1,C6H10O4,146,1.079,135.4,1.41,33.56,8.1,2.54,-40,183,1.53,1.3,0.44,0.2249,16.0048,2.8,0,4.9522
diethyl propanedioate,diethylmalonate,105-53-3,C7H12O4,160,1.055,151.8,1.414,37.94,7.87,2.57,-50,197,2.66,1.4,0.04,0.5999,17.2441,3.0361,0,5.0483
diethyl sulfide,diethylsulfide,352-93-2,C4H10S,90,0.835,108,1.442,28.58,7.2,1.52,-104,91,0.45,2.19,80.99,0,13.1209,0.8385,0,1.7231
diethylamine,diethylamine,109-89-7,C4H11N,73,0.702,104.2,1.386,24.49,3.92,0.92,-50,55,0.42,1.8,318.2,0.2338,12.4684,0.6598,0,0.9019
diethylene glycol,diethyleneglycol,111-46-6,C4H10O3,106,1.118,94.9,1.445,25.26,31.7,2.31,-8,245,19.33,-0.95,0.03,0.8662,11.3566,2.4605,0.2841,3.3655
diiodomethane,diiodomethane,75-11-6,CH2I2,268,3.322,80.6,1.74,32.52,5.3,1.15,6,181,0.84,1.99,2.21,1.2379,11.3055,0,0,2.5828
diisopropyl sulfide,"2,4-dimethyl-3-thiapentane",625-80-9,C6H14S,118,0.814,145.3,1.439,38.17,5.81,1.67,-106,120,0.67,3.11,10.71,0,16.5499,0.8399,0,1.2843
diisopropylamine,diisopropylamine,108-18-9,C6H15N,101,0.71,142.5,1.392,33.94,3.04,1.2,-61,84,0.53,2.79,45.99,0.1495,15.7875,0.5737,0,0.9438
dimethoxymethane,dimethoxymethane,109-87-5,C3H8O2,76,0.86,88.5,1.353,19.19,2.7,0.91,-105,42,0.38,0.41,395.84,0,10.2978,1.6114,0,2.3809
dimethyl disulfide,dimethyldisulfide,624-92-0,C2H6S2,94,1.056,89.2,1.525,27.34,9.77,1.99,-85,110,0.52,2.05,28.69,0.1069,12.4124,0.3556,0,2.8412
dimethyl phthalate,dimethylphthalate,131-11-3,C10H10O4,194,1.19,163.2,1.515,49.21,8.5,2.66,2,283,7.37,1.71,0,0.3044,19.1753,2.5594,0,5.979
dimethyl propanedioate,dimethylmalonate,108-59-8,C5H8O4,132,1.119,118.1,1.42,29.88,10.3,1.52,-62,179,2.03,0.52,0.46,0.6548,13.3734,2.7548,0,5.5246
dimethyl sulfate,dimethylsulfate,77-78-1,C2H6O4S,126,1.322,95.4,1.386,22.41,50.28,4.02,-32,188,0.96,1.34,1.65,0.5846,12.315,1.0096,0,4.4447
dimethyl sulfide,dimethylsulfide,75-18-3,C2H6S,62,0.842,73.8,1.435,19.26,6.3,1.5,-83,38,0.3,1.24,625.9,0.0118,9.6228,0.7663,0,1.9914
dimethylcyanamide,dimethylcyanamide,1467-79-4,C3H6N2,70,0.88,79.7,1.41,19.73,37.23,4.77,-41,162,0.55,-1.04,4.23,0.1387,9.6752,1.9958,0,3.5131
dioxane,dioxane,123-91-1,C4H8O2,88,1.034,85.2,1.422,21.68,2.25,0.45,12,101,0.96,-0.15,22.56,0.0004,10.1766,1.864,0,2.8097
dipentyl ether,di-n-pentylether,693-65-2,C10H22O,158,0.785,201.6,1.412,50.17,3.1,1.2,-69,188,1.05,5.09,0.55,0,24.0219,0.9435,0,0.2419
diphenyl ether,diphenylether,101-84-8,C12H10O,170,1.08,157.6,1.579,52.38,3.9,1.17,25,257,5.66,3.85,0.01,0.1656,20.7733,0.2501,0,5.0603
diphenylmethane,diphenylmethane,101-81-5,C13H12,168,1.006,167.2,1.575,55.26,2.61,0.26,91,263,5.87,3.9,0.01,0.017,21.8831,0,0,4.5268
dipropyl ether,di-n-propylether,111-43-3,C6H14O,102,0.7,146,1.381,33.89,3.39,1.12,-122,90,0.32,3.02,32.37,0,16.1014,0.9422,0,0.3283
dipropylamine,dipropylamine,142-84-7,C6H15N,101,0.74,136.7,1.405,33.52,2.9,1.04,-63,245,0.41,2.94,32.87,0.2403,16.4054,0.6586,0,0.8277
dodecane,dodecane,112-40-3,C12H26,170,0.749,227.4,1.422,57.74,2,0.07,-10,216,1.53,7.04,0.28,0,27.6455,0,0,0.0757
ethanediol,glycol,107-21-1,C2H6O2,62,1.115,55.7,1.429,14.35,37.7,2.27,-13,198,13.55,-1.34,0.22,1.2765,6.4309,2.0458,0.5717,2.6165
ethanethiol,ethanethiol,75-08-1,C2H6S,62,0.862,72.1,1.432,18.69,6.9,1.57,-148,35,0.32,1.3,544.32,0.2593,9.3973,0.6953,0,1.8583
ethanol,ethanol,64-17-5,C2H6O,46,0.789,58.4,1.361,12.93,24.55,1.66,-114,78,2.47,-0.22,57.83,0.7431,6.9259,1.1499,0.3211,1.1177
ethoxybenzene,ethoxybenzene,103-73-1,C8H10O,122,0.967,126.3,1.507,37.6,4.22,1.41,-30,170,1.44,2.77,1.35,0.0367,16.5168,0.5445,0,3.4045
ethyl 2-hydroxypropanoate,2-hydroxypropanoicacidethylester,97-64-3,C5H10O3,118,1.03,114.7,1.415,28.72,13.1,2.55,-26,154,1.49,0.97,1.8,0.3218,13.6176,2.0548,0.0578,3.6179
ethyl 3-oxobutanoate,ethylacetoacetate,141-97-9,C6H10O3,130,1.028,126.6,1.419,31.97,15.7,2.96,-43,180,1.58,0.42,0.24,0.5574,14.2155,2.8626,0,5.0368
ethyl acetate,ethylacetate,141-78-6,C4H8O2,88,0.901,97.8,1.372,22.26,6.02,1.88,-84,77,0.46,0.78,71.18,0.0311,11.5144,1.7997,0,2.8923
ethyl benzoate,ethylbenzoate,93-89-0,C9H10O2,150,1.05,143,1.505,42.42,6,2,-34,212,2.04,2.63,0.14,0.0524,17.7262,1.4037,0,3.9299
ethyl butanoate,ethylbutyrate,105-54-4,C6H12O2,116,0.879,132.2,1.392,31.47,5.1,1.76,-93,120,0.67,1.92,10.2,0.0001,15.5816,1.6956,0,2.2944
ethyl chloroacetate,ethylchloroacetate,105-39-5,C4H7ClO2,123,1.159,105.7,1.421,26.81,12.78,2.65,-27,143,1.11,1.26,1.65,1.0723,12.7948,1.482,0,3.8942
ethyl cyanoacetate,cyanoaceticacidethylester,105-56-6,C5H7NO2,113,1.063,106.4,1.418,26.82,26.9,4.04,-23,207,2.32,-0.07,0.06,1.6505,11.8809,2.2567,0.0131,4.6796
ethyl formate,ethylformate,109-94-4,C3H6O2,74,0.917,80.8,1.359,17.78,8.4,1.94,-80,54,0.46,0.37,223.13,0.391,9.2733,1.6713,0,2.7459
ethyl hexanoate,ethylhexanoate,123-66-0,C8H16O2,144,0.871,165.6,1.407,40.76,4.57,1.6,-67,168,1.06,3.05,0.83,0.0028,19.5008,1.7207,0,2.2176
ethyl isothiocyanate,ethylisothiocyanate,542-85-8,C3H5NS,87,1,87.1,1.51,26.06,19.5,3.31,-5,131,0.49,1.95,30.39,0.0638,13.0398,0.0041,0,2.4722
ethyl nitrate,ethylnitrate,625-58-1,C2H5NO3,91,1.108,82.2,1.385,19.28,19.4,2.41,-95,88,0.35,2.01,396.32,0.4261,11.4197,0.1522,0,3.0909
ethyl propanoate,ethylpropionate,105-37-3,C5H10O2,102,0.892,114.5,1.384,26.77,5.65,1.74,-73,98,0.52,1.46,20.56,0.0014,13.5282,1.6981,0,2.5083
ethyl salicylate,ethyl-2-hydroxybenzoate,118-61-6,C9H10O3,166,1.131,146.9,1.522,44.81,8.6,2.88,1,233,2.07,3.3,0.04,0.2022,18.3231,1.2549,0,4.1312
ethyl thiocyanate,ethylthiocyanate,542-90-5,C3H5NS,87,1.012,86.1,1.462,23.67,29.3,3.64,-86,146,0.57,0.67,8.1,0.4207,11.0957,1.1099,0,2.6999
ethylbenzene,ethylbenzene,100-41-4,C8H10,106,0.867,122.5,1.493,35.59,2.41,0.58,-94,136,0.89,3.08,12.32,0.0058,15.8962,0,0,2.1279
ethynylbenzene,ethynylbenzene,536-74-3,C8H6,102,0.937,109,1.548,34.62,2.99,0.66,-45,143,1.25,2.51,3.06,0.6854,14.5332,0.0021,0.0517,3.5815
fluorobenzene,fluorobenzene,462-06-6,C6H5F,96,1.025,93.8,1.465,25.92,5.55,1.66,-40,85,0.62,2.15,80.44,0.1969,12.7311,0,0,3.0448
formamide,formamide,75-12-7,CH3NO,45,1.133,39.8,1.447,10.62,84,3.71,2,210,4.62,-2.69,0.07,1.8198,3.9541,1.9137,0.8508,2.1177
formic acid,formicacid,64-18-6,CH2O2,46,1.22,37.7,1.37,8.53,58.5,1.42,8,101,2.9,-0.9,17.02,1.5164,4.0381,1.6768,0.7389,1.5975
furan,1-ethynylcyclohexanol,110-00-9,C4H4O,68,0.936,72.7,1.42,18.41,2.9,0.69,-86,31,7.94,1.89,0.11,1.2608,14.4439,1.0574,0.3863,1.7282
furfural,furfural,98-01-1,C5H4O2,96,1.16,82.8,1.524,25.34,41.9,3.57,-37,162,1.55,0.13,1.33,1.1691,9.818,1.7496,0,3.55
heptanal,heptanal,111-71-7,C7H14O,114,0.85,134.4,1.426,34.42,9.07,2.56,-43,155,0.78,2.3,9.94,0.0051,16.7107,1.4102,0,2.1108
heptane,n-heptane,142-82-5,C7H16,100,0.684,146.6,1.388,34.55,1.92,0,-90,98,0.41,4.4,104.97,0,17.691,0,0,0.073
heptanol,1-heptanol,111-70-6,C7H16O,116,0.819,141.9,1.423,36.14,12.1,1.71,-35,176,6.39,2.57,0.46,0.7356,16.8774,1.1537,0.3197,0.9355
hexadecane,n-hexadecane,544-76-3,C16H34,226,0.77,294.1,1.435,76.74,2.05,0.06,18,287,4.62,9.15,0,0,35.6857,0,0,0.0796
hexafluorobenzene,hexafluorobenzene,392-56-3,C6F6,186,1.612,115.4,1.378,26.61,2.05,0,4,81,0.5,2.99,125.56,0.0323,16.2559,0,0,2.3237
hexamethylphosphoramide,hexamethylphosphoramide,680-31-9,C6H18N3OP,179,1.03,174,1.466,48.19,30,5.54,7,235,1.62,1.23,0.08,0,19.2414,1.7586,0,1.6013
hexane,hexane,110-54-3,C6H14,86,0.659,130.7,1.375,29.91,1.9,0.08,-95,69,0.31,3.86,354.19,0,15.6879,0,0,0.0716
hexanenitrile,hexanenitrile,628-73-9,C6H11N,97,0.805,120.7,1.407,29.71,17.26,3.48,-80,162,0.73,1.34,4.74,0.2902,14.5733,1.3671,0,2.2734
hexanoic acid,n-hexanoicacid,142-62-1,C6H12O2,116,0.92,126.3,1.416,31.7,2.63,1.13,-3,203,8.29,1.84,0.26,0.8965,14.4293,1.7832,0.6061,1.537
hexyl acetate,n-hexylacetate,142-92-7,C8H16O2,144,0.871,165.6,1.409,40.93,4.42,1.86,-80,169,1.27,2.94,0.79,0.0285,19.5349,1.7483,0,2.4229
hexylamine,hexylamine,111-26-2,C6H15N,101,0.766,132.1,1.418,33.29,4.08,1.32,-19,130,0.82,2.28,15.91,0.574,15.7369,0.8752,0,1.552
iodobenzene,iodobenzene,591-50-4,C6H5I,204,1.831,111.4,1.62,39.14,4.6,1.71,-29,188,1.48,2.81,0.6,0.1926,15.2122,0,0,3.4758
iodoethane,iodoethane,75-03-6,C2H5I,156,1.95,80,1.39,18.97,7.4,1.8,-111,72,0.4,1.78,91.79,0.0757,11.0207,0,0,2.0565
iodomethane,ch3i,74-88-4,CH3I,142,2.282,62.2,1.532,19.27,6.92,1.63,-67,42,0.33,1.3,274.76,0.224,8.9707,0,0,2.1611
isoprene,isoprene,78-79-5,C5H8,68,0.681,100,1.422,25.42,2.1,0.29,-144,34,0.27,2.39,972.46,0.0021,12.4398,0.0161,0,1.9607
isopropylamine,isopropylamine,75-31-0,C3H9N,59,0.694,85.2,1.377,19.6,5.5,1.19,-101,32,0.51,0.66,452.48,0.541,9.7231,0.8265,0,1.6352
isoquinoline,isoquinoline,119-65-3,C9H7N,129,1.097,117.7,1.622,41.47,10.7,2.73,26,242,2.67,1.55,0.15,0.1531,15.3469,0.9199,0,4.3063
methyl 2-hydroxybenzoate,2-hydroxy-benzoicacidmethylester,119-36-8,C8H8O3,152,1.174,129.6,1.537,40.47,9,2.47,-9,224,2.04,2.73,0.21,0.2779,16.4329,1.2158,0,4.4144
methyl 2-propenoate,methylacrylate,96-33-3,C4H6O2,86,0.951,90.5,1.408,22.33,7.12,1.75,-75,80,0.54,0.88,64.36,0.1518,11.0394,1.5991,0,3.3477
methyl acetate,methylacetate,79-20-9,C3H6O2,74,0.927,79.9,1.362,17.72,6.7,1.69,-98,57,0.43,0.22,189.3,0.0497,9.5197,1.7728,0,3.1625
methyl benzoate,methylbenzoate,93-58-3,C8H8O2,136,1.084,125.6,1.517,38.01,6.6,1.92,-13,200,2.01,2.09,0.32,0.0806,15.9463,1.3551,0,4.265
methyl butanoate,methylbutyrate,623-42-7,C5H10O2,102,0.898,113.7,1.387,26.78,5.5,1.72,-85,102,0.62,1.48,62.13,0.0118,13.5592,1.6683,0,2.5499
methyl decanoate,decanoicacidmethylester,110-42-9,C11H22O2,186,0.873,213.4,1.426,54.68,3.86,1.65,-18,228,3.08,4.66,0.04,0.013,25.4223,1.6855,0,2.5027
methyl dodecanoate,dodecanoicacidmethylester,111-82-0,C13H26O2,214,0.87,246.4,1.432,63.9,3.6,1.7,5,262,5.43,5.73,0,0.0122,29.4593,1.672,0,2.5085
methyl formate,methylformate,107-31-3,C2H4O2,60,0.98,61.3,1.343,12.95,8.5,1.77,-100,32,0.39,-0.15,1188.86,0.4884,7.1899,1.636,0,2.9514
methyl hexanoate,methylhexanoate,106-70-7,C7H14O2,130,0.885,147.1,1.405,36.05,4.7,1.7,-71,149,1.03,2.53,3.47,0.0128,17.4756,1.6657,0,2.5192
methyl octanoate,methyloctanoate,111-11-5,C9H18O2,158,0.878,180.2,1.417,45.32,4.13,1.67,-40,192,1.77,3.59,0.37,0.0123,21.436,1.6673,0,2.5152
methyl pentanoate,methylvalerate,624-24-8,C6H12O2,116,0.89,130.5,1.397,31.43,5.02,1.62,-91,127,0.78,2,10.22,0.0135,15.5346,1.6645,0,2.5138
methyl propanoate,methylpropionate,554-12-1,C4H8O2,88,0.915,96.3,1.377,22.15,6.23,1.67,-88,79,0.49,0.9,90.67,0.0129,11.5438,1.6721,0,2.7778
methyl thiocyanate,methylthiocyanate,556-64-9,C2H3NS,73,1.074,68.1,1.469,18.94,35,3.34,-5,131,0.54,0.15,11.96,0.7052,9.0461,1.0952,0,2.7086
methyl trichloroacetate,methyltrichloroacetate,598-99-2,C3H3Cl3O2,177,1.488,119.2,1.457,32.47,8.79,2.33,-18,152,0.87,2.65,2.5,0.2871,15.6261,0.7024,0,3.3487
methylbutane,methylbutane,78-78-4,C5H12,72,0.616,117.1,1.354,25.46,1.83,0.12,-160,28,0.22,3.2,1407.04,0,13.3177,0,0,0.0975
methylcyclohexane,methylcyclohexane,108-87-2,C7H14,98,0.77,127.5,1.423,32.47,2.02,0,-126,101,0.54,3.6,74.87,0,15.0454,0,0,0.0412
methylcyclopentane,methylcyclopentane,96-37-7,C6H12,84,0.751,112.1,1.41,27.76,1.99,0,-143,71,0.41,3.29,221.98,0,13.8468,0,0,0.0714
methylsulfanylbenzene,methylthiobenzene,100-68-5,C7H8S,124,1.057,117.5,1.585,39.38,4.76,1.31,-15,188,1.64,2.64,0.63,0.1419,15.9746,0.1876,0,4.0371
morpholine,morpholine,110-91-8,C4H9NO,87,1,87.1,1.455,23.64,7.4,1.71,-5,129,1.55,-0.16,7.17,0.5276,10.1606,1.6307,0.0011,2.1662
"N,N,N',N'-tetramethylurea",tetramethylurea,632-22-4,C5H12N2O,116,0.968,120,1.451,32.29,24.46,3.47,-1,177,0.85,0.46,2.84,0,14.6203,1.6994,0,2.1747
"N,N-diethylaniline","n,n-diethyl-benzeneamine",91-66-7,C10H15N,149,0.935,159.6,1.542,50.2,5.5,3.79,-21,215,1.91,3.81,0.16,0.0048,20.273,0.1084,0,2.698
"N,N-dimethylaniline","n,n-dimethylaniline",121-69-7,C8H11N,121,0.956,126.8,1.558,40.87,4.4,1.61,2,194,1.37,2.81,1.08,0.0166,16.7986,0.1518,0,3.0589
"N,N-dimethylcyclohexylamine","n,n-dimethylcyclohexylamine",98-94-2,C8H17N,127,0.85,149.7,1.454,40.53,2.86,0.76,-60,160,0.97,3.28,7.07,0,17.3664,0.511,0,0.3727
N-methylacetamide,n-methylacetamide,79-16-3,C3H7NO,73,0.946,77.3,1.433,20.08,178.9,4.12,28,205,2.68,-1.37,0.43,0.8132,8.9327,1.9272,0.3555,2.7318
N-methylaniline,n-methylaniline,100-61-8,C7H9N,107,0.99,108.2,1.571,35.56,6,1.73,-57,195,1.52,2,1.08,0.6798,14.4193,0.2947,0.1394,3.1793
N-methylcyclohexylamine,n-methylcyclohexanamine,100-60-7,C7H15N,113,0.868,130.4,1.455,35.38,3.64,1.29,-8,149,1.07,2.53,7.21,0.2806,15.4977,0.6758,0,0.8869
N-methylformamide,methylformamide,123-39-7,C2H5NO,59,1.003,58.9,1.432,15.27,171,3.83,-3,199,2.28,-1.82,1.15,0.9498,6.9111,1.8837,0.4728,2.4847
N-methylpiperidine,n-methylpiperidine,626-67-5,C6H13N,99,0.816,121.5,1.437,31.84,2.59,0.77,-18,106,0.68,2.45,43.23,0,14.2152,0.5398,0,0.4031
naphthalene,naphthalene,91-20-3,C10H8,128,1.14,112.4,1.59,37.93,2.54,0,80,218,1.98,2.97,0.64,0.0345,16.8066,0,0,3.8705
nitric acid,nitricacid,7697-37-2,HNO3,63,1.513,41.7,1.397,10.03,40,2.16,-42,83,0.22,1.07,4757.91,1.4959,6.3277,0.0453,0.8662,1.121
nitrobenzene,nitrobenzene,98-95-3,C6H5NO2,123,1.204,102.3,1.552,32.67,34.8,4.28,6,211,1.41,1.96,0.66,0.543,13.6378,0.7585,0,3.9559
nitroethane,nitroethane,79-24-3,C2H5NO2,75,1.054,71.2,1.391,16.92,19.7,3.61,-90,114,0.46,0.62,74.93,0.8983,8.8484,0.9569,0,3.3971
nitromethane,nitromethane,75-52-5,CH3NO2,61,1.137,53.7,1.382,12.49,39.4,3.46,-29,103,0.52,-0.01,56.49,1.4189,6.484,0.9337,0.0146,3.328
nonane,n-nonane,111-84-2,C9H20,128,0.718,178.6,1.403,43.59,1.96,0.07,-53,151,0.67,5.45,9.8,0,21.6711,0,0,0.0751
nonanol,1-nonanol,143-08-8,C9H20O,144,0.827,174.4,1.433,45.34,8.83,1.6,-7,215,12.57,3.62,0.04,0.7338,20.888,1.1504,0.3187,0.9364
octane,octane,111-65-9,C8H18,114,0.703,162.5,1.395,38.96,1.96,0,-57,126,0.54,4.93,15.86,0,19.691,0,0,0.073
octanoic acid,"1-bromo-1,2,2,2-tetrafluoroethane",124-07-2,C8H16O2,144,0.91,158.5,1.428,40.75,3.2,1.15,17,237,0.24,2.19,2259.72,0.9699,11.8274,0,0.4222,1.1545
octylamine,1-octanamine,111-86-4,C8H19N,129,0.782,165.3,1.429,42.63,3.58,1.17,0,177,1.46,3.35,1.49,0.5757,19.7876,0.8326,0,1.5676
oxane,thp,142-68-7,C5H10O,86,0.88,97.9,1.42,24.77,5.68,1.74,-45,88,0.59,1.3,86.4,0,11.6474,1.0257,0,0.6606
oxirane,ethyleneoxide,75-21-8,C2H4O,44,0.89,49.5,1.36,10.93,13.9,1.89,-111,11,0.32,-0.18,1904.9,0.0182,6.7899,1.2171,0,2.3414
oxolan-2-one,gamma-butyrolactone,96-48-0,C4H6O2,86,1.125,76.5,1.437,20.05,40.96,4.27,-43,205,1.08,-0.81,0.84,0.105,9.3629,2.2349,0,3.9454
pentachloroethane,pentachloroethane,76-01-7,C2HCl5,202,1.68,120.4,1.503,35.6,3.9,0.92,-29,162,0.74,3.17,5.53,0.7318,15.6297,0,0.2825,1.5173
pentanal,valeraldehyde,110-62-3,C5H10O,86,0.816,105.5,1.405,25.84,10.1,2.57,-92,104,0.47,1.21,88.85,0.0052,12.7279,1.4079,0,2.134
pentane,pentane,109-66-0,C5H12,72,0.626,115.2,1.358,25.27,1.84,0,-129,36,0.24,3.33,1187.31,0,13.7223,0,0,0.072
pentanenitrile,valeronitrile,110-59-8,C5H9N,83,0.795,104.5,1.397,25.17,17.7,4.12,-96,140,0.58,0.81,12.74,0.2903,12.5948,1.3666,0,2.3049
pentanoic acid,n-bucooh,109-52-4,C5H10O2,102,0.93,109.8,1.408,27.09,2.6,1.61,-35,187,6.15,1.3,0.7,0.8971,12.4248,1.7919,0.6057,1.5468
pentyl acetate,n-pentylacetate,628-63-7,C7H14O2,130,0.875,148.8,1.402,36.23,4.75,1.75,-100,149,0.9,2.48,1.95,0.0341,17.5704,1.7746,0,2.4201
pentyl formate,formicacidpentylester,638-49-3,C6H12O2,116,0.885,131.3,1.4,31.82,6.49,1.92,-73,131,0.9,2.07,10.14,0.4011,15.2721,1.6388,0,2.2032
pentylamine,n-pentylamine,110-58-7,C5H13N,87,0.754,115.5,1.411,28.72,4.5,1.3,-55,105,0.63,1.74,49.57,0.5757,13.7367,0.8743,0,1.551
perfluoro(methylcyclohexane),perfluoromethylcyclohexane,355-02-2,C7F14,350,1.8,194.5,1.3,36.37,1.86,0.28,-70,76,0.54,4.53,85.13,0.0398,21.6853,0,0,0.4517
perfluoro-n-octane,perfluorooctane,307-34-6,C8F18,438,1.759,249,1.284,44.27,1.81,0,-23,104,0.53,6.06,45.41,0.0852,27.9288,0,0,0.4884
phenol,phenol,108-95-2,C6H6O,94,1.058,89,1.542,28,10,1.55,41,182,4.42,1.36,0.72,0.9634,11.4976,0.6696,0.6617,2.7861
phenyl acetate,phenylacetate,122-79-2,C8H8O2,136,1.078,126.3,1.503,37.34,5.23,1.78,50,196,2.23,1.7,0.3,0.2564,15.787,1.5072,0,4.9056
phenyl isothiocyanate,phenylisothiocyanat,103-72-0,C7H5NS,135,1.129,119.8,1.649,43.64,10.4,2.85,-21,219,1.71,3.2,0.4,0.2344,17.1705,0,0,3.268
phenylhydrazine,phenyl-hydrazine,100-63-0,C6H8N2,108,1.098,98.5,1.609,34.1,7.2,1.67,23,242,4.04,0.51,0.11,1.8304,12.195,0.8815,0.1876,4.3209
phenylisocyanate,isocyanatobenzene,103-71-9,C7H5NO,119,1.096,108.7,1.537,33.95,8.8,2.25,-33,166,1.12,2.74,4.96,0.2002,15.3812,0.0421,0,3.4666
phosphorus oxychloride,pocl3,10025-87-3,Cl3OP,153,1.68,91.3,1.46,25,13.5,2.54,1,107,0.43,2.14,57.08,0.3093,12.0954,0.9384,0.005,1.4738
phosphorus trichloride,pcl3,12/2/19,Cl3P,137,1.576,87.1,1.515,26.26,3.7,0.56,-94,75,0.4,2.78,82.96,0.58,12.0499,0,0,1.5448
piperidine,piperidine,110-89-4,C5H11N,85,0.862,98.8,1.453,26.67,5.9,0.73,-7,106,0.91,1.49,49.46,0.4007,11.8374,0.6681,0,0.8786
propanal,propanal,123-38-6,C3H6O,58,0.803,72.4,1.38,16.76,18.5,2.52,-81,49,0.32,0.1,747.6,0.01,8.731,1.4118,0,2.3956
propane,propane,74-98-6,C3H8,44,0.581,75.9,1.34,15.9,1.6,0.08,-188,-42,0.14,2.27,14556.83,0,9.7387,0,0,0.0673
propanedinitrile,dicyanomethane,109-77-3,C3H2N2,66,1.049,63,1.415,15.76,46,3.73,31,220,2.24,-1.25,0.08,2.4727,6.8854,1.4394,0.6935,2.7449
propanenitrile,propionitrile,107-12-0,C3H5N,55,0.792,69.6,1.366,15.58,27.7,4.04,-92,97,0.39,-0.35,69.89,0.3581,8.5284,1.3626,0,2.7598
propanoic acid,propionicacid,79-09-4,C3H6O2,74,0.99,74.8,1.386,17.58,3.1,1.76,-21,141,3.92,0.17,4.44,0.9013,8.4421,1.7836,0.6082,1.8287
propanol,propanol,71-23-8,C3H8O,60,0.804,74.8,1.386,17.55,21.8,1.65,-127,97,2.43,0.41,30.41,0.7304,8.9339,1.1721,0.3273,0.9599
propene,propene,115-07-1,C3H6,42,0.61,68.9,1.363,15.31,1.9,0.36,-185,-48,0.16,1.73,11869.45,0,9.1563,0.1213,0,1.0089
propyl acetate,n-propylacetate,109-60-4,C5H10O2,102,0.888,115,1.384,26.89,6.3,1.79,-95,102,0.57,1.41,13.95,0.0344,13.5504,1.7755,0,2.53
propyl formate,n-propylformate,110-74-7,C4H8O2,88,0.906,97.2,1.377,22.37,7.72,1.83,-93,82,0.47,1.07,41.01,0.401,11.2831,1.6418,0,2.3382
propyl nitrate,propylnitrate,627-13-4,C3H7NO3,105,1.054,99.7,1.397,24.03,13.9,3.01,-100,110,0.41,2.65,150.33,0.4134,13.459,0.1474,0,2.5785
propyl propanoate,propylpropionate,106-36-5,C6H12O2,116,0.882,131.7,1.393,31.43,4.7,1.79,-76,122,0.65,1.99,9.59,0.001,15.5613,1.6829,0,2.1405
propylamine,n-propylamine,107-10-8,C3H9N,59,0.717,82.4,1.388,19.45,5.9,1.18,-83,48,0.37,0.67,469.49,0.583,9.7545,0.874,0,1.5674
propylbenzene,n-propylbenzene,103-65-1,C9H12,120,0.864,139.1,1.493,40.42,2.37,0.42,-92,159,1.16,3.61,3.97,0.0052,17.8909,0,0,2.0717
pyrazine,pyrazine,290-37-9,C4H4N2,80,1.031,77.7,1.495,22.66,2.8,0,52,115,1.06,-0.34,14.1,0.4743,9.3759,1.4184,0,3.1849
pyridine,pyridine,110-86-1,C5H5N,79,0.983,80.5,1.51,24.07,12.4,2.37,-42,115,0.83,0.53,19.58,0.1338,10.6517,0.9334,0,3.2848
pyrrole,pyrrole,109-97-7,C4H5N,67,0.967,69.4,1.509,20.72,7.5,1.71,-23,130,1.13,0.59,8.14,1.0532,8.7738,0.7619,0.5724,2.5364
pyrrolidine,pyrrolidine,123-75-1,C4H9N,71,0.866,82.1,1.443,21.78,8.3,1.57,-63,87,0.67,0.98,120.4,0.3468,10.4126,0.8465,0,1.0727
quinoline,chinoline,91-22-5,C9H7N,129,1.093,118.2,1.626,41.83,9,2.25,-15,238,2.65,1.65,0.14,0.1573,15.4356,0.8825,0,4.2446
salicylaldehyde,1-(2-thienyl)ethanethiol,90-02-8,C7H6O2,122,1.167,104.6,1.574,34.51,17.1,2.78,-7,197,2.16,2.65,0.14,0.6046,16.1433,0.5321,0,4.0157
styrene,styrene,100-42-5,C8H8,104,0.909,114.6,1.546,36.28,2.43,0.18,-30,145,1.02,2.73,7.63,0.0429,15.3947,0.0073,0,3.5496
sulfolane,"tetrahydrothiophene-1,1-dioxide",126-33-0,C4H8O2S,120,1.26,95.4,1.471,26.66,44,4.68,27,285,2.77,-1.72,0,0.6625,10.1634,3.174,0,5.3287
sulfuryl chloride,sulfurylchloride,7791-25-5,Cl2O2S,135,1.671,80.8,1.443,21.43,10,1.81,-54,70,0.26,2.75,706.75,0.3603,11.7523,0,0,1.5913
tetrachloroethene,tetrachloroethene,127-18-4,C2Cl4,166,1.63,101.7,1.504,30.13,2.3,0,-36,122,0.43,3.25,58.03,0,14.748,0,0,1.0062
tetrachloromethane,ccl4,56-23-5,CCl4,154,1.584,97.1,1.46,26.59,2.24,0,-23,77,0.36,2.89,130.81,0.0082,13.4139,0,0,1.1679
tetrahydronaphthalene,tetralin,119-64-2,C10H12,132,0.974,135.7,1.539,42.52,2.77,0.61,-31,205,1.67,3.51,1.29,0,17.6111,0.0013,0,1.6147
tetramethylsilane,tetramethylsilane,75-76-3,C4H12Si,88,0.646,136.6,1.359,30.07,1.92,0.48,-100,27,0.31,3.54,2402.68,0,15.1038,0,0,0.5248
tetranitromethane,tetranitro-methane,509-14-8,CN4O8,196,1.643,119.4,1.44,31.44,2.52,0,14,126,0.09,5.64,84207.69,1.132,15.37,0,0.0307,2.4792
thiane,tetrahydro-2h-thiopyran,1613-51-0,C5H10S,102,0.988,103.4,1.506,30.73,6.58,1.71,19,141,0.81,2.13,13.54,0,13.0194,0.779,0,1.2255
thionyl chloride,thionylchloride,9/7/19,Cl2OS,119,1.637,72.7,1.52,22.12,9.25,1.44,-105,77,0.37,2.12,139.54,1.051,10.5059,0,0,2.1542
thiophene,biurea,110-02-1,C4H4S,84,1.059,79.5,1.529,24.5,2.71,0.56,-38,84,472.12,-4.98,0,4.2903,6.2594,3.7651,1.9539,3.5696
"trans-1,2-dichloroethene","trans-1,2-dichloroethene",156-60-5,C2H2Cl2,97,1.252,77.4,1.446,20.63,2.27,0,-49,48,0.31,1.98,610,1.1213,10.2163,0,0,1.7329
trans-decalin,trans-decalin,493-02-7,C10H18,138,0.87,158.9,1.47,44.32,2.17,0,-31,185,1.31,4.41,2.76,0,18.368,0,0,0.023
triacetin,glycerol-triacetate,102-76-1,C9H14O6,218,1.156,188.7,1.428,48.55,7.01,2.73,-78,259,8.2,0.89,0,0.8225,20.079,4.3812,0,7.9271
tribromomethane,chbr3,75-25-2,CHBr3,253,2.827,89.4,1.595,30.38,4.4,1,7,148,0.75,2.51,4.66,0.818,12.429,0,0.2403,1.7599
tributylamine,tri-n-butylamine,102-82-9,C12H27N,185,0.778,238.2,1.428,61.29,2.29,0.76,-70,216,1.73,6.58,0.13,0,27.9792,0,0,0.3305
trichloroethanenitrile,trichloroacetonitrile,545-06-2,C2Cl3N,144,1.44,100.3,1.44,26.43,7.74,2,-44,83,0.42,2.27,61.21,0.0504,13.6134,0.2777,0,1.5074
trichloroethene,trichloroethene,79-01-6,C2HCl3,131,1.464,89.7,1.475,25.27,3.42,0.81,-86,87,0.37,2.63,160.45,0.6381,12.4561,0,0.0088,1.2867
trichlorofluoromethane,cfcl3,75-69-4,CCl3F,137,1.476,93.1,1.383,21.71,2.38,0.48,-80,24,0.24,2.65,825.52,0.0044,12.3155,0,0,0.9949
trichloromethane,chcl3,67-66-3,CHCl3,119,1.489,80.2,1.446,21.37,4.81,1.15,-64,61,0.36,2.09,198.87,0.8827,10.874,0,0.3008,1.1448
trichloronitromethane,trichloronitromethane,76-06-2,CCl3NO2,164,1.651,99.6,1.461,27.31,7.32,1.86,-64,112,0.37,3.11,123.47,0.3212,13.933,0.0059,0.0001,1.9361
"tricyclo[5.2.1.02,6]deca-3,8-diene",dicyclopentadiene,77-73-6,C10H12,132,0.976,135.5,1.511,40.58,2.49,0.4,33,167,1.37,3.59,3.01,0,16.7079,0.1623,0,1.27
triethyl phosphate,triethylphosphate,78-40-0,C6H15O4P,182,1.072,169.9,1.405,41.67,13.01,2.86,-57,215,2.36,1.39,0.02,0.0007,19.4577,2.7007,0,4.0776
trifluoroacetic acid,trifluoroaceticacid,76-05-1,C2HF3O2,114,1.489,76.6,1.285,13.66,8.55,2.26,-15,72,0.91,1.37,106.21,1.2863,9.5322,0.5483,0.9011,1.2518
trifluoromethylbenzene,trifluoromethylbenzene,98-08-8,C7H5F3,146,1.199,121.9,1.415,30.52,9.4,2.86,-29,101,0.71,2.78,25.44,0.3198,15.6252,0.2542,0,3.4652
trimethyl phosphate,trimethylphosphate,512-56-1,C3H9O4P,140,1.213,115.5,1.395,27.69,21.26,2.82,-46,197,1.52,0.06,0.35,0.1066,13.8884,2.4592,0,4.8563
triphenylmethane,triphenylmethane,519-73-3,C19H16,244,1.013,241.1,1.579,80.1,2.45,0,93,360,37.83,5.25,0,0.0345,28.6033,0,0,6.2023
undecane,n-undecane,1120-21-4,C11H24,156,0.737,212.1,1.417,53.34,2.01,0,-26,196,1.2,6.52,0.48,0,25.6707,0,0,0.0686
undecanol,1-undecanol,112-42-5,C11H24O,172,0.83,207.7,1.439,54.64,5.98,1.7,19,243,19.73,4.7,0,0.733,24.865,1.1514,0.3179,0.9382
vinyl acetate,vinylacetate,108-05-4,C4H6O2,86,0.925,93.1,1.396,22.36,2.3,1.61,-100,73,0.52,1.36,85.22,0.212,11.5021,1.2462,0,3.5486
water,h2o,7732-18-5,H2O,18,1,18,1.333,3.71,80.1,1.87,0,100,0.9,-1.59,31.56,1.6939,1.2049,1.4083,0.8747,1.115
2-butanol,2-butanol,78-92-2,C4H10O,74,0.807,92,1.395,22.02,16.56,1.41,-115,100,2.26,0.98,20.86,0.6386,10.8805,1.0538,0.2464,0.9832
2-pentanone,2-pentanone,107-87-9,C5H10O,86,0.808,107,1.39,25.27,15.45,2.7,-78,101,0.49,0.9,52.48,0.0079,12.5415,1.5288,0,2.1917
4-methyl-2-pentanone,4-methyl-2-pentanone,108-10-1,C6H12O,100,0.801,125,1.396,30.03,13.11,2.69,-85,118,0.55,1.44,22.8,0.0125,14.2223,1.4509,0,2.1405
2-propanone,acetone,67-64-1,C3H6O,58,0.79,74,1.359,16.17,21.4,2.69,-97,57,0.35,-0.3,28.99,0.02,8.58,1.66,0,2.7391
cyclohexanone,cyclohexanone,108-94-1,C6H10O,98,0.948,104,1.448,27.71,18.2,3.06,-32,156,0.9,0.9,6.6,0.0001,12.168,1.6816,0,1.5732
2-butanone,butanone,78-93-3,C4H8O,72,0.805,90,1.379,20.69,18.51,2.76,-86,80,0.41,0.37,156.69,0.0073,10.5457,1.5261,0,2.3794
toluene,toluene,108-88-3,C7H8,92,0.867,106,1.497,31.1,2.38,0.31,-93,111,0.71,2.6,33.49,0.0045,14.0878,0,0,2.3399
acetonitrile,acetonitrile,75-05-8,C2H3N,41,0.782,53,1.344,11.12,37.5,3.44,-45,82,0.41,-1.05,65.82,0.8174,6.098,1.3677,0,2.7931
diethyl carbonate,diethylcarbonate,105-58-8,C5H10O3,118,0.975,121,1.384,28.33,3.1,1.07,-43,127,0.82,1.32,12.32,0.0002,14.3465,2.1132,0,3.3651
dimethyl sulfoxide,dimethylsulfoxide,67-68-5,C2H6OS,78,1.1,71,1.479,20.15,46.68,4.1,19,189,1.14,-1.93,0.83,0.5797,8.5679,2.0425,0,4.0513
tetrahydrofuran,thf,109-99-9,C4H8O,72,0.888,81,1.407,20,7.58,1.75,-108,66,0.47,0.7,205.7,0,10.1153,1.0852,0,0.8093
N-methylpyrrolidon,n-methyl-2-pyrrolidinone,872-50-4,C5H9NO,99,1.03,96,1.47,26.84,32.2,4.09,-24,202,1.12,-0.46,1.41,0,12.0083,1.9298,0,2.4408
diethyl ether,diethylether,60-29-7,C4H10O,74,0.713,104,1.352,22.5,4.33,1.15,-117,35,0.26,1.6,515.54,0,12.0829,0.9649,0,0.5452
"N,N-dimethylformamide",dimethylformamide,68-12-2,C3H7NO,73,0.949,77,1.431,19.92,36.71,3.86,-60,153,0.53,-0.95,25.54,0.0399,9.712,1.8607,0,2.9945
triethylamine,triethylamine,121-44-8,C6H15N,101,0.728,139,1.401,33.79,2.42,0.87,-115,90,0.39,3.34,116.08,0,15.971,0.0129,0,0.5031
3-methylbutyl acetate,isoamylacetate,123-92-2,C7H14O2,130,0.876,149,1.4,36.03,5.6,1.84,-78,142,0.99,2.29,3.25,0.0241,16.9028,1.7473,0,2.4622
bis(2-methoxyethyl) ether,diglyme,111-96-6,C6H14O3,134,0.937,143,1.408,35.33,7.3,1.92,-64,162,0.76,0.76,0.71,0,16.834,2.7585,0,2.8367
"4-methyl-2-oxo-1,3-dioxolane",propylenecarbonate,108-32-7,C4H6O3,102,1.201,85,1.421,21.56,64.9,4.94,-55,242,1.8,-0.38,0.06,0.5882,10.1397,2.1004,0,4.6239
octanol,1-octanol,111-87-5,C8H18O,130,0.827,158,1.427,40.43,10.3,1.68,-16,194,8.52,3.11,0.17,0.7368,18.8907,1.1451,0.3197,0.9292
dimethyl carbonate,dimethylcarbonate,616-38-6,C3H6O3,90,1.073,84,1.368,18.9,3.17,0.93,3,90,0.53,0.26,86.7,0.0802,10.3582,1.9832,0,3.7668
cyclohexane,cyclohexane,110-82-7,C6H12,84,0.779,108,1.426,27.71,1.88,0,7,81,0.41,0.41,253.74,0,13.1171,0,0,0.0217
methoxybenzene,anisole,100-66-3,C7H8O,108,0.99,109,1.517,33.04,4.33,1.38,-37,154,1.16,2.18,4.03,0.0484,14.4799,0.5233,0,3.7037
"2,2,4-trimethylpentane","2,2,4-trimethylpentane",540-84-1,C8H18,114,0.692,165,1.391,39.26,1.94,0,-107,99,0.42,4.33,70.66,0,17.9617,0,0,0.1372
2-methyl-1-propanol,isobutanol,78-83-1,C4H10O,74,0.802,93,1.396,22.21,16.68,1.79,-108,108,2.56,1,16.28,0.7091,10.7751,1.0672,0.3238,0.8828
benzonitrile,benzonitrile,100-47-0,C7H5N,103,1,103,1.528,31.75,26,4.28,-13,190,1.45,1.45,0.48,0.5431,12.921,1.1168,0,3.6454
"1,4-butanediol","1,4-butadiol",110-63-4,C4H10O2,90,1.017,89,1.446,23.63,32.9,2.58,20,235,19.37,-0.32,0.03,0.8386,10.4008,1.8115,0.4928,1.6653
hexanol,1-hexanol,111-27-3,C6H14O,102,0.814,126,1.418,31.63,13.3,1.65,-47,158,5.12,2.03,1.22,0.7269,14.9099,1.1737,0.3232,0.9139
butyl acetate,n-butylacetate,123-86-4,C6H12O2,116,0.88,132,1.394,31.6,5.01,1.84,-74,126,0.69,0.69,5.38,0.0353,15.5485,1.7771,0,2.4408
triethoxymethane,triethyl orthoformate,122-51-0,C7H16O3,148,0.893,166,1.39,39.34,4.779,1.67,-61,143,1.08,1.79,0.56,0,18.63,2.14,0,2.3563
"N,N-dimethylacetamide","n,n-dimethylacetamide",127-19-5,C4H9NO,87,0.942,92.5,1.438,24.31,37.78,3.72,-20,165,0.63,-0.5,10.11,0.02,11.43,1.84,0,2.8469
diisopropyl ether,diisopropylether,108-20-3,C6H14O,102,0.724,141.1,1.368,31.8,4.04,1.13,-86,68,0.47,2.51,28.72,0,15.58,0.79,0,0.7435
2-propanol,2-propanol,67-63-0,C3H8O,60,0.785,76.5,1.377,17.61,19.92,1.59,-89,82,2.4,0.35,34.41,0.7,8.91,1.14,0.28855,1.0916